[23-Apr-2025 21:05:27 Europe/Minsk] Processed URI: /
[23-Apr-2025 21:08:22 Europe/Minsk] Processed URI: /
[23-Apr-2025 21:10:17 Europe/Minsk] Processed URI: /
[23-Apr-2025 21:12:27 Europe/Minsk] Processed URI: /
[23-Apr-2025 21:28:10 Europe/Minsk] Final URI: /
[23-Apr-2025 21:28:20 Europe/Minsk] Final URI: /
[23-Apr-2025 21:37:24 Europe/Minsk] Final URI: /
[23-Apr-2025 21:37:24 Europe/Minsk] Trying to route: /
[23-Apr-2025 21:37:24 Europe/Minsk] Available routes: Array
(
    [0] => /admin
    [1] => /admin/action
    [2] => /
)

[23-Apr-2025 21:37:24 Europe/Minsk] Final URI: /
[23-Apr-2025 21:37:28 Europe/Minsk] Final URI: /admin
[23-Apr-2025 21:37:28 Europe/Minsk] Trying to route: /admin
[23-Apr-2025 21:37:28 Europe/Minsk] Available routes: Array
(
    [0] => /admin
    [1] => /admin/action
    [2] => /
)

[23-Apr-2025 21:37:28 Europe/Minsk] Final URI: /admin
[23-Apr-2025 21:37:52 Europe/Minsk] Final URI: /admin
[23-Apr-2025 21:37:52 Europe/Minsk] Trying to route: /admin
[23-Apr-2025 21:37:52 Europe/Minsk] Available routes: Array
(
    [0] => /admin
    [1] => /admin/action
    [2] => /
)

[23-Apr-2025 21:37:52 Europe/Minsk] Final URI: /admin
[23-Apr-2025 21:37:52 Europe/Minsk] Final URI: /favicon.ico
[23-Apr-2025 21:37:52 Europe/Minsk] Trying to route: /favicon.ico
[23-Apr-2025 21:37:52 Europe/Minsk] Available routes: Array
(
    [0] => /admin
    [1] => /admin/action
    [2] => /
)

[23-Apr-2025 21:37:52 Europe/Minsk] Final URI: /favicon.ico
[23-Apr-2025 21:41:16 Europe/Minsk] Final URI: /admin
[23-Apr-2025 21:41:16 Europe/Minsk] Trying to route: /admin
[23-Apr-2025 21:41:16 Europe/Minsk] Available routes: Array
(
    [0] => /admin
    [1] => /admin/action
    [2] => /
)

[23-Apr-2025 21:41:16 Europe/Minsk] Final URI: /admin
[23-Apr-2025 21:41:22 Europe/Minsk] Final URI: /admin
[23-Apr-2025 21:41:22 Europe/Minsk] Trying to route: /admin
[23-Apr-2025 21:41:22 Europe/Minsk] Available routes: Array
(
    [0] => /admin
    [1] => /admin/action
    [2] => /
)

[23-Apr-2025 21:41:22 Europe/Minsk] Final URI: /admin
[23-Apr-2025 21:42:15 Europe/Minsk] Final URI: /
[23-Apr-2025 21:42:15 Europe/Minsk] Trying to route: /
[23-Apr-2025 21:42:15 Europe/Minsk] Available routes: Array
(
    [0] => /admin
    [1] => /admin/action
    [2] => /
)

[23-Apr-2025 21:42:15 Europe/Minsk] Final URI: /
[23-Apr-2025 21:42:19 Europe/Minsk] Final URI: /admin
[23-Apr-2025 21:42:19 Europe/Minsk] Trying to route: /admin
[23-Apr-2025 21:42:19 Europe/Minsk] Available routes: Array
(
    [0] => /admin
    [1] => /admin/action
    [2] => /
)

[23-Apr-2025 21:42:19 Europe/Minsk] Final URI: /admin
[23-Apr-2025 21:43:12 Europe/Minsk] Final URI: /
[23-Apr-2025 21:43:12 Europe/Minsk] Trying to route: /
[23-Apr-2025 21:43:12 Europe/Minsk] Available routes: Array
(
    [0] => /admin
    [1] => /admin/action
    [2] => /
)

[23-Apr-2025 21:43:12 Europe/Minsk] Final URI: /
[23-Apr-2025 21:43:12 Europe/Minsk] Final URI: /favicon.ico
[23-Apr-2025 21:43:12 Europe/Minsk] Trying to route: /favicon.ico
[23-Apr-2025 21:43:12 Europe/Minsk] Available routes: Array
(
    [0] => /admin
    [1] => /admin/action
    [2] => /
)

[23-Apr-2025 21:43:12 Europe/Minsk] Final URI: /favicon.ico
[23-Apr-2025 21:43:18 Europe/Minsk] Final URI: /admin
[23-Apr-2025 21:43:18 Europe/Minsk] Trying to route: /admin
[23-Apr-2025 21:43:18 Europe/Minsk] Available routes: Array
(
    [0] => /admin
    [1] => /admin/action
    [2] => /
)

[23-Apr-2025 21:43:18 Europe/Minsk] Final URI: /admin
[23-Apr-2025 21:43:28 Europe/Minsk] Final URI: /admin
[23-Apr-2025 21:43:28 Europe/Minsk] Trying to route: /admin
[23-Apr-2025 21:43:28 Europe/Minsk] Available routes: Array
(
    [0] => /admin
    [1] => /admin/action
    [2] => /
)

[23-Apr-2025 21:43:28 Europe/Minsk] Final URI: /admin
[23-Apr-2025 21:44:09 Europe/Minsk] Final URI: /
[23-Apr-2025 21:44:09 Europe/Minsk] Trying to route: /
[23-Apr-2025 21:44:09 Europe/Minsk] Available routes: Array
(
    [0] => /admin
    [1] => /admin/action
    [2] => /
)

[23-Apr-2025 21:44:09 Europe/Minsk] Final URI: /
[23-Apr-2025 21:44:09 Europe/Minsk] Final URI: /favicon.ico
[23-Apr-2025 21:44:09 Europe/Minsk] Trying to route: /favicon.ico
[23-Apr-2025 21:44:09 Europe/Minsk] Available routes: Array
(
    [0] => /admin
    [1] => /admin/action
    [2] => /
)

[23-Apr-2025 21:44:09 Europe/Minsk] Final URI: /favicon.ico
[23-Apr-2025 21:44:13 Europe/Minsk] Final URI: /admin
[23-Apr-2025 21:44:13 Europe/Minsk] Trying to route: /admin
[23-Apr-2025 21:44:13 Europe/Minsk] Available routes: Array
(
    [0] => /admin
    [1] => /admin/action
    [2] => /
)

[23-Apr-2025 21:44:13 Europe/Minsk] Final URI: /admin
[23-Apr-2025 21:44:20 Europe/Minsk] Final URI: /admin
[23-Apr-2025 21:44:20 Europe/Minsk] Trying to route: /admin
[23-Apr-2025 21:44:20 Europe/Minsk] Available routes: Array
(
    [0] => /admin
    [1] => /admin/action
    [2] => /
)

[23-Apr-2025 21:44:20 Europe/Minsk] Final URI: /admin
[23-Apr-2025 21:44:20 Europe/Minsk] PHP Warning:  file(/var/www/src/Controller/../../.htpasswd): Failed to open stream: Permission denied in /var/www/src/Controller/AdminController.php on line 43
[23-Apr-2025 21:44:20 Europe/Minsk] PHP Warning:  foreach() argument must be of type array|object, false given in /var/www/src/Controller/AdminController.php on line 45
[23-Apr-2025 21:44:20 Europe/Minsk] PHP Warning:  Cannot modify header information - headers already sent by (output started at /var/www/src/Controller/AdminController.php:43) in /var/www/src/Controller/AdminController.php on line 33
[23-Apr-2025 21:45:48 Europe/Minsk] Final URI: /admin
[23-Apr-2025 21:45:48 Europe/Minsk] Trying to route: /admin
[23-Apr-2025 21:45:48 Europe/Minsk] Available routes: Array
(
    [0] => /admin
    [1] => /admin/action
    [2] => /
)

[23-Apr-2025 21:45:48 Europe/Minsk] Final URI: /admin
[23-Apr-2025 21:45:48 Europe/Minsk] PHP Warning:  file(/var/www/src/Controller/../../.htpasswd): Failed to open stream: Permission denied in /var/www/src/Controller/AdminController.php on line 43
[23-Apr-2025 21:45:48 Europe/Minsk] PHP Warning:  foreach() argument must be of type array|object, false given in /var/www/src/Controller/AdminController.php on line 45
[23-Apr-2025 21:45:48 Europe/Minsk] PHP Warning:  Cannot modify header information - headers already sent by (output started at /var/www/src/Controller/AdminController.php:43) in /var/www/src/Controller/AdminController.php on line 33
[23-Apr-2025 21:46:40 Europe/Minsk] Final URI: /admin
[23-Apr-2025 21:46:40 Europe/Minsk] Trying to route: /admin
[23-Apr-2025 21:46:40 Europe/Minsk] Available routes: Array
(
    [0] => /admin
    [1] => /admin/action
    [2] => /
)

[23-Apr-2025 21:46:40 Europe/Minsk] Final URI: /admin
[23-Apr-2025 21:46:40 Europe/Minsk] Htpasswd file missing or unreadable: /var/www/src/Controller/../../.htpasswd
[23-Apr-2025 21:46:50 Europe/Minsk] Final URI: /
[23-Apr-2025 21:46:50 Europe/Minsk] Trying to route: /
[23-Apr-2025 21:46:50 Europe/Minsk] Available routes: Array
(
    [0] => /admin
    [1] => /admin/action
    [2] => /
)

[23-Apr-2025 21:46:50 Europe/Minsk] Final URI: /
[23-Apr-2025 21:46:53 Europe/Minsk] Final URI: /admin
[23-Apr-2025 21:46:53 Europe/Minsk] Trying to route: /admin
[23-Apr-2025 21:46:53 Europe/Minsk] Available routes: Array
(
    [0] => /admin
    [1] => /admin/action
    [2] => /
)

[23-Apr-2025 21:46:53 Europe/Minsk] Final URI: /admin
[23-Apr-2025 21:46:53 Europe/Minsk] Htpasswd file missing or unreadable: /var/www/src/Controller/../../.htpasswd
[23-Apr-2025 21:47:04 Europe/Minsk] Final URI: /admin
[23-Apr-2025 21:47:04 Europe/Minsk] Trying to route: /admin
[23-Apr-2025 21:47:04 Europe/Minsk] Available routes: Array
(
    [0] => /admin
    [1] => /admin/action
    [2] => /
)

[23-Apr-2025 21:47:04 Europe/Minsk] Final URI: /admin
[23-Apr-2025 21:47:04 Europe/Minsk] Htpasswd file missing or unreadable: /var/www/src/Controller/../../.htpasswd
[23-Apr-2025 21:47:14 Europe/Minsk] Final URI: /admin
[23-Apr-2025 21:47:14 Europe/Minsk] Trying to route: /admin
[23-Apr-2025 21:47:14 Europe/Minsk] Available routes: Array
(
    [0] => /admin
    [1] => /admin/action
    [2] => /
)

[23-Apr-2025 21:47:14 Europe/Minsk] Final URI: /admin
[23-Apr-2025 21:47:14 Europe/Minsk] Htpasswd file missing or unreadable: /var/www/src/Controller/../../.htpasswd
[23-Apr-2025 21:47:15 Europe/Minsk] Final URI: /admin
[23-Apr-2025 21:47:15 Europe/Minsk] Trying to route: /admin
[23-Apr-2025 21:47:15 Europe/Minsk] Available routes: Array
(
    [0] => /admin
    [1] => /admin/action
    [2] => /
)

[23-Apr-2025 21:47:15 Europe/Minsk] Final URI: /admin
[23-Apr-2025 21:47:15 Europe/Minsk] Htpasswd file missing or unreadable: /var/www/src/Controller/../../.htpasswd
[23-Apr-2025 21:47:16 Europe/Minsk] Final URI: /admin
[23-Apr-2025 21:47:16 Europe/Minsk] Trying to route: /admin
[23-Apr-2025 21:47:16 Europe/Minsk] Available routes: Array
(
    [0] => /admin
    [1] => /admin/action
    [2] => /
)

[23-Apr-2025 21:47:16 Europe/Minsk] Final URI: /admin
[23-Apr-2025 21:47:16 Europe/Minsk] Htpasswd file missing or unreadable: /var/www/src/Controller/../../.htpasswd
[23-Apr-2025 21:48:07 Europe/Minsk] Final URI: /admin
[23-Apr-2025 21:48:07 Europe/Minsk] Trying to route: /admin
[23-Apr-2025 21:48:07 Europe/Minsk] Available routes: Array
(
    [0] => /admin
    [1] => /admin/action
    [2] => /
)

[23-Apr-2025 21:48:07 Europe/Minsk] Final URI: /admin
[23-Apr-2025 21:48:07 Europe/Minsk] Htpasswd file missing or unreadable: /var/www/src/Controller/../../.htpasswd
[23-Apr-2025 21:49:37 Europe/Minsk] Final URI: /
[23-Apr-2025 21:49:37 Europe/Minsk] Trying to route: /
[23-Apr-2025 21:49:37 Europe/Minsk] Available routes: Array
(
    [0] => /admin
    [1] => /admin/action
    [2] => /
)

[23-Apr-2025 21:49:37 Europe/Minsk] Final URI: /
[23-Apr-2025 21:49:37 Europe/Minsk] Final URI: /favicon.ico
[23-Apr-2025 21:49:37 Europe/Minsk] Trying to route: /favicon.ico
[23-Apr-2025 21:49:37 Europe/Minsk] Available routes: Array
(
    [0] => /admin
    [1] => /admin/action
    [2] => /
)

[23-Apr-2025 21:49:37 Europe/Minsk] Final URI: /favicon.ico
[23-Apr-2025 21:49:41 Europe/Minsk] Final URI: /admin
[23-Apr-2025 21:49:41 Europe/Minsk] Trying to route: /admin
[23-Apr-2025 21:49:41 Europe/Minsk] Available routes: Array
(
    [0] => /admin
    [1] => /admin/action
    [2] => /
)

[23-Apr-2025 21:49:41 Europe/Minsk] Final URI: /admin
[23-Apr-2025 21:49:52 Europe/Minsk] Final URI: /admin
[23-Apr-2025 21:49:52 Europe/Minsk] Trying to route: /admin
[23-Apr-2025 21:49:52 Europe/Minsk] Available routes: Array
(
    [0] => /admin
    [1] => /admin/action
    [2] => /
)

[23-Apr-2025 21:49:52 Europe/Minsk] Final URI: /admin
[23-Apr-2025 21:55:02 Europe/Minsk] Final URI: /favicon.ico
[23-Apr-2025 21:55:02 Europe/Minsk] Trying to route: /favicon.ico
[23-Apr-2025 21:55:02 Europe/Minsk] Available routes: Array
(
    [0] => /admin
    [1] => /admin/action
    [2] => /
)

[23-Apr-2025 21:55:02 Europe/Minsk] Final URI: /favicon.ico
[23-Apr-2025 21:55:05 Europe/Minsk] Final URI: /
[23-Apr-2025 21:55:05 Europe/Minsk] Trying to route: /
[23-Apr-2025 21:55:05 Europe/Minsk] Available routes: Array
(
    [0] => /admin
    [1] => /admin/action
    [2] => /
)

[23-Apr-2025 21:55:05 Europe/Minsk] Final URI: /
[23-Apr-2025 21:55:08 Europe/Minsk] Final URI: /admin
[23-Apr-2025 21:55:08 Europe/Minsk] Trying to route: /admin
[23-Apr-2025 21:55:08 Europe/Minsk] Available routes: Array
(
    [0] => /admin
    [1] => /admin/action
    [2] => /
)

[23-Apr-2025 21:55:08 Europe/Minsk] Final URI: /admin
[23-Apr-2025 21:55:44 Europe/Minsk] Final URI: /admin
[23-Apr-2025 21:55:44 Europe/Minsk] Trying to route: /admin
[23-Apr-2025 21:55:44 Europe/Minsk] Available routes: Array
(
    [0] => /admin
    [1] => /admin/action
    [2] => /
)

[23-Apr-2025 21:55:44 Europe/Minsk] Final URI: /admin
[23-Apr-2025 21:55:44 Europe/Minsk] Router error: Class "FileManager\FileManager" not found
#0 /var/www/src/Controller/AdminController.php(75): require()
#1 /var/www/src/Controller/AdminController.php(13): Controller\AdminController->renderAdminView()
#2 /var/www/src/router/Router.php(42): Controller\AdminController->index()
#3 /var/www/index.php(8): Router\Router->handleRequest()
#4 {main}
[23-Apr-2025 21:58:23 Europe/Minsk] Final URI: /admin
[23-Apr-2025 21:58:23 Europe/Minsk] Trying to route: /admin
[23-Apr-2025 21:58:23 Europe/Minsk] Available routes: Array
(
    [0] => /admin
    [1] => /admin/action
    [2] => /
)

[23-Apr-2025 21:58:23 Europe/Minsk] Final URI: /admin
[23-Apr-2025 21:58:23 Europe/Minsk] Router error: Class "FileManager\FileManager" not found
#0 /var/www/src/Controller/AdminController.php(75): require()
#1 /var/www/src/Controller/AdminController.php(13): Controller\AdminController->renderAdminView()
#2 /var/www/src/router/Router.php(42): Controller\AdminController->index()
#3 /var/www/index.php(8): Router\Router->handleRequest()
#4 {main}
[23-Apr-2025 21:58:23 Europe/Minsk] Final URI: /favicon.ico
[23-Apr-2025 21:58:23 Europe/Minsk] Trying to route: /favicon.ico
[23-Apr-2025 21:58:23 Europe/Minsk] Available routes: Array
(
    [0] => /admin
    [1] => /admin/action
    [2] => /
)

[23-Apr-2025 21:58:23 Europe/Minsk] Final URI: /favicon.ico
[23-Apr-2025 21:58:26 Europe/Minsk] Final URI: /admin
[23-Apr-2025 21:58:26 Europe/Minsk] Trying to route: /admin
[23-Apr-2025 21:58:26 Europe/Minsk] Available routes: Array
(
    [0] => /admin
    [1] => /admin/action
    [2] => /
)

[23-Apr-2025 21:58:26 Europe/Minsk] Final URI: /admin
[23-Apr-2025 21:58:27 Europe/Minsk] Router error: Class "FileManager\FileManager" not found
#0 /var/www/src/Controller/AdminController.php(75): require()
#1 /var/www/src/Controller/AdminController.php(13): Controller\AdminController->renderAdminView()
#2 /var/www/src/router/Router.php(42): Controller\AdminController->index()
#3 /var/www/index.php(8): Router\Router->handleRequest()
#4 {main}
[23-Apr-2025 22:01:52 Europe/Minsk] Final URI: /admin
[23-Apr-2025 22:01:52 Europe/Minsk] Trying to route: /admin
[23-Apr-2025 22:01:52 Europe/Minsk] Available routes: Array
(
    [0] => /admin
    [1] => /admin/action
    [2] => /
)

[23-Apr-2025 22:01:52 Europe/Minsk] Final URI: /admin
[23-Apr-2025 22:01:52 Europe/Minsk] PHP Warning:  mkdir(): Permission denied in /var/www/src/public/admin/filemanager/filemanager.php on line 24
[23-Apr-2025 22:01:52 Europe/Minsk] PHP Warning:  mkdir(): Permission denied in /var/www/src/public/admin/filemanager/filemanager.php on line 24
[23-Apr-2025 22:01:52 Europe/Minsk] PHP Warning:  mkdir(): Permission denied in /var/www/src/public/admin/filemanager/filemanager.php on line 24
[23-Apr-2025 22:01:52 Europe/Minsk] PHP Warning:  mkdir(): Permission denied in /var/www/src/public/admin/filemanager/filemanager.php on line 24
[23-Apr-2025 22:01:52 Europe/Minsk] Final URI: /src/publicblic/admin/assets/admin.css
[23-Apr-2025 22:01:52 Europe/Minsk] Trying to route: /src/publicblic/admin/assets/admin.css
[23-Apr-2025 22:01:52 Europe/Minsk] Available routes: Array
(
    [0] => /admin
    [1] => /admin/action
    [2] => /
)

[23-Apr-2025 22:01:52 Europe/Minsk] Final URI: /src/publicblic/admin/assets/admin.css
[23-Apr-2025 22:07:23 Europe/Minsk] Final URI: /admin
[23-Apr-2025 22:07:23 Europe/Minsk] Trying to route: /admin
[23-Apr-2025 22:07:23 Europe/Minsk] Available routes: Array
(
    [0] => /admin
    [1] => /admin/action
    [2] => /
)

[23-Apr-2025 22:07:23 Europe/Minsk] Final URI: /admin
[23-Apr-2025 22:07:23 Europe/Minsk] Directory does not exist: /css
[23-Apr-2025 22:07:23 Europe/Minsk] Directory does not exist: /js
[23-Apr-2025 22:07:23 Europe/Minsk] Directory does not exist: /html
[23-Apr-2025 22:07:23 Europe/Minsk] Directory does not exist: /img
[23-Apr-2025 22:07:23 Europe/Minsk] Final URI: /src/publicblic/admin/assets/admin.css
[23-Apr-2025 22:07:23 Europe/Minsk] Trying to route: /src/publicblic/admin/assets/admin.css
[23-Apr-2025 22:07:23 Europe/Minsk] Available routes: Array
(
    [0] => /admin
    [1] => /admin/action
    [2] => /
)

[23-Apr-2025 22:07:23 Europe/Minsk] Final URI: /src/publicblic/admin/assets/admin.css
[23-Apr-2025 22:07:23 Europe/Minsk] Final URI: /favicon.ico
[23-Apr-2025 22:07:23 Europe/Minsk] Trying to route: /favicon.ico
[23-Apr-2025 22:07:23 Europe/Minsk] Available routes: Array
(
    [0] => /admin
    [1] => /admin/action
    [2] => /
)

[23-Apr-2025 22:07:23 Europe/Minsk] Final URI: /favicon.ico
[23-Apr-2025 22:08:49 Europe/Minsk] Auth user: admin
[23-Apr-2025 22:08:49 Europe/Minsk] Auth pw: password123
[23-Apr-2025 22:08:49 Europe/Minsk] Final URI: /admin
[23-Apr-2025 22:08:49 Europe/Minsk] Trying to route: /admin
[23-Apr-2025 22:08:49 Europe/Minsk] Available routes: Array
(
    [0] => /admin
    [1] => /admin/action
    [2] => /
)

[23-Apr-2025 22:08:49 Europe/Minsk] Final URI: /admin
[23-Apr-2025 22:08:49 Europe/Minsk] Checking credentials for: admin
[23-Apr-2025 22:08:49 Europe/Minsk] Password verification: SUCCESS
[23-Apr-2025 22:08:49 Europe/Minsk] Directory does not exist: /css
[23-Apr-2025 22:08:49 Europe/Minsk] Directory does not exist: /js
[23-Apr-2025 22:08:49 Europe/Minsk] Directory does not exist: /html
[23-Apr-2025 22:08:49 Europe/Minsk] Directory does not exist: /img
[23-Apr-2025 22:09:04 Europe/Minsk] Auth user: NULL
[23-Apr-2025 22:09:04 Europe/Minsk] Auth pw: NULL
[23-Apr-2025 22:09:04 Europe/Minsk] Final URI: /
[23-Apr-2025 22:09:04 Europe/Minsk] Trying to route: /
[23-Apr-2025 22:09:04 Europe/Minsk] Available routes: Array
(
    [0] => /admin
    [1] => /admin/action
    [2] => /
)

[23-Apr-2025 22:09:04 Europe/Minsk] Final URI: /
[23-Apr-2025 22:09:13 Europe/Minsk] Auth user: admin
[23-Apr-2025 22:09:13 Europe/Minsk] Auth pw: password123
[23-Apr-2025 22:09:13 Europe/Minsk] Final URI: /admin
[23-Apr-2025 22:09:13 Europe/Minsk] Trying to route: /admin
[23-Apr-2025 22:09:13 Europe/Minsk] Available routes: Array
(
    [0] => /admin
    [1] => /admin/action
    [2] => /
)

[23-Apr-2025 22:09:13 Europe/Minsk] Final URI: /admin
[23-Apr-2025 22:09:13 Europe/Minsk] Checking credentials for: admin
[23-Apr-2025 22:09:14 Europe/Minsk] Password verification: SUCCESS
[23-Apr-2025 22:09:14 Europe/Minsk] Directory does not exist: /css
[23-Apr-2025 22:09:14 Europe/Minsk] Directory does not exist: /js
[23-Apr-2025 22:09:14 Europe/Minsk] Directory does not exist: /html
[23-Apr-2025 22:09:14 Europe/Minsk] Directory does not exist: /img
[23-Apr-2025 22:09:14 Europe/Minsk] Auth user: NULL
[23-Apr-2025 22:09:14 Europe/Minsk] Auth pw: NULL
[23-Apr-2025 22:09:14 Europe/Minsk] Final URI: /src/publicblic/admin/assets/admin.css
[23-Apr-2025 22:09:14 Europe/Minsk] Trying to route: /src/publicblic/admin/assets/admin.css
[23-Apr-2025 22:09:14 Europe/Minsk] Available routes: Array
(
    [0] => /admin
    [1] => /admin/action
    [2] => /
)

[23-Apr-2025 22:09:14 Europe/Minsk] Final URI: /src/publicblic/admin/assets/admin.css
[23-Apr-2025 22:09:21 Europe/Minsk] Auth user: NULL
[23-Apr-2025 22:09:21 Europe/Minsk] Auth pw: NULL
[23-Apr-2025 22:09:21 Europe/Minsk] Final URI: /admin
[23-Apr-2025 22:09:21 Europe/Minsk] Trying to route: /admin
[23-Apr-2025 22:09:21 Europe/Minsk] Available routes: Array
(
    [0] => /admin
    [1] => /admin/action
    [2] => /
)

[23-Apr-2025 22:09:21 Europe/Minsk] Final URI: /admin
[23-Apr-2025 22:09:21 Europe/Minsk] Auth user: admin
[23-Apr-2025 22:09:21 Europe/Minsk] Auth pw: password123
[23-Apr-2025 22:09:21 Europe/Minsk] Final URI: /admin
[23-Apr-2025 22:09:21 Europe/Minsk] Trying to route: /admin
[23-Apr-2025 22:09:21 Europe/Minsk] Available routes: Array
(
    [0] => /admin
    [1] => /admin/action
    [2] => /
)

[23-Apr-2025 22:09:21 Europe/Minsk] Final URI: /admin
[23-Apr-2025 22:09:21 Europe/Minsk] Checking credentials for: admin
[23-Apr-2025 22:09:21 Europe/Minsk] Password verification: SUCCESS
[23-Apr-2025 22:09:21 Europe/Minsk] Directory does not exist: /css
[23-Apr-2025 22:09:21 Europe/Minsk] Directory does not exist: /js
[23-Apr-2025 22:09:21 Europe/Minsk] Directory does not exist: /html
[23-Apr-2025 22:09:21 Europe/Minsk] Directory does not exist: /img
[23-Apr-2025 22:09:21 Europe/Minsk] Auth user: admin
[23-Apr-2025 22:09:21 Europe/Minsk] Auth pw: password123
[23-Apr-2025 22:09:21 Europe/Minsk] Final URI: /src/publicblic/admin/assets/admin.css
[23-Apr-2025 22:09:21 Europe/Minsk] Trying to route: /src/publicblic/admin/assets/admin.css
[23-Apr-2025 22:09:21 Europe/Minsk] Available routes: Array
(
    [0] => /admin
    [1] => /admin/action
    [2] => /
)

[23-Apr-2025 22:09:21 Europe/Minsk] Final URI: /src/publicblic/admin/assets/admin.css
[23-Apr-2025 22:09:21 Europe/Minsk] Auth user: admin
[23-Apr-2025 22:09:21 Europe/Minsk] Auth pw: password123
[23-Apr-2025 22:09:21 Europe/Minsk] Final URI: /favicon.ico
[23-Apr-2025 22:09:21 Europe/Minsk] Trying to route: /favicon.ico
[23-Apr-2025 22:09:21 Europe/Minsk] Available routes: Array
(
    [0] => /admin
    [1] => /admin/action
    [2] => /
)

[23-Apr-2025 22:09:21 Europe/Minsk] Final URI: /favicon.ico
[23-Apr-2025 22:10:41 Europe/Minsk] Final URI: /admin
[23-Apr-2025 22:10:41 Europe/Minsk] Trying to route: /admin
[23-Apr-2025 22:10:41 Europe/Minsk] Available routes: Array
(
    [0] => /admin
    [1] => /admin/action
    [2] => /
)

[23-Apr-2025 22:10:41 Europe/Minsk] Final URI: /admin
[23-Apr-2025 22:10:53 Europe/Minsk] Final URI: /admin
[23-Apr-2025 22:10:53 Europe/Minsk] Trying to route: /admin
[23-Apr-2025 22:10:53 Europe/Minsk] Available routes: Array
(
    [0] => /admin
    [1] => /admin/action
    [2] => /
)

[23-Apr-2025 22:10:53 Europe/Minsk] Final URI: /admin
[23-Apr-2025 22:10:53 Europe/Minsk] Checking credentials for: admin
[23-Apr-2025 22:10:53 Europe/Minsk] Password verification: SUCCESS
[23-Apr-2025 22:10:53 Europe/Minsk] Directory does not exist: /css
[23-Apr-2025 22:10:53 Europe/Minsk] Directory does not exist: /js
[23-Apr-2025 22:10:53 Europe/Minsk] Directory does not exist: /html
[23-Apr-2025 22:10:53 Europe/Minsk] Directory does not exist: /img
[23-Apr-2025 22:10:53 Europe/Minsk] Final URI: /src/publicblic/admin/assets/admin.css
[23-Apr-2025 22:10:53 Europe/Minsk] Trying to route: /src/publicblic/admin/assets/admin.css
[23-Apr-2025 22:10:53 Europe/Minsk] Available routes: Array
(
    [0] => /admin
    [1] => /admin/action
    [2] => /
)

[23-Apr-2025 22:10:53 Europe/Minsk] Final URI: /src/publicblic/admin/assets/admin.css
[23-Apr-2025 22:10:53 Europe/Minsk] Final URI: /favicon.ico
[23-Apr-2025 22:10:53 Europe/Minsk] Trying to route: /favicon.ico
[23-Apr-2025 22:10:53 Europe/Minsk] Available routes: Array
(
    [0] => /admin
    [1] => /admin/action
    [2] => /
)

[23-Apr-2025 22:10:53 Europe/Minsk] Final URI: /favicon.ico
[23-Apr-2025 22:14:17 Europe/Minsk] Final URI: /admin
[23-Apr-2025 22:14:17 Europe/Minsk] Trying to route: /admin
[23-Apr-2025 22:14:17 Europe/Minsk] Available routes: Array
(
    [0] => /admin
    [1] => /admin/action
    [2] => /
)

[23-Apr-2025 22:14:17 Europe/Minsk] Final URI: /admin
[23-Apr-2025 22:14:17 Europe/Minsk] Final URI: /admin
[23-Apr-2025 22:14:17 Europe/Minsk] Trying to route: /admin
[23-Apr-2025 22:14:17 Europe/Minsk] Available routes: Array
(
    [0] => /admin
    [1] => /admin/action
    [2] => /
)

[23-Apr-2025 22:14:17 Europe/Minsk] Final URI: /admin
[23-Apr-2025 22:14:17 Europe/Minsk] Checking credentials for: admin
[23-Apr-2025 22:14:17 Europe/Minsk] Password verification: SUCCESS
[23-Apr-2025 22:14:17 Europe/Minsk] Access denied: empty path
[23-Apr-2025 22:14:17 Europe/Minsk] Final URI: /favicon.ico
[23-Apr-2025 22:14:17 Europe/Minsk] Trying to route: /favicon.ico
[23-Apr-2025 22:14:17 Europe/Minsk] Available routes: Array
(
    [0] => /admin
    [1] => /admin/action
    [2] => /
)

[23-Apr-2025 22:14:17 Europe/Minsk] Final URI: /favicon.ico
[23-Apr-2025 22:14:26 Europe/Minsk] Final URI: /admin
[23-Apr-2025 22:14:26 Europe/Minsk] Trying to route: /admin
[23-Apr-2025 22:14:26 Europe/Minsk] Available routes: Array
(
    [0] => /admin
    [1] => /admin/action
    [2] => /
)

[23-Apr-2025 22:14:26 Europe/Minsk] Final URI: /admin
[23-Apr-2025 22:14:26 Europe/Minsk] Checking credentials for: admin
[23-Apr-2025 22:14:26 Europe/Minsk] Password verification: SUCCESS
[23-Apr-2025 22:14:26 Europe/Minsk] Access denied: empty path
[23-Apr-2025 22:14:26 Europe/Minsk] Final URI: /admin
[23-Apr-2025 22:14:26 Europe/Minsk] Trying to route: /admin
[23-Apr-2025 22:14:26 Europe/Minsk] Available routes: Array
(
    [0] => /admin
    [1] => /admin/action
    [2] => /
)

[23-Apr-2025 22:14:26 Europe/Minsk] Final URI: /admin
[23-Apr-2025 22:14:26 Europe/Minsk] Checking credentials for: admin
[23-Apr-2025 22:14:26 Europe/Minsk] Password verification: SUCCESS
[23-Apr-2025 22:14:26 Europe/Minsk] Access denied: empty path
[23-Apr-2025 22:14:26 Europe/Minsk] Final URI: /admin
[23-Apr-2025 22:14:26 Europe/Minsk] Trying to route: /admin
[23-Apr-2025 22:14:26 Europe/Minsk] Available routes: Array
(
    [0] => /admin
    [1] => /admin/action
    [2] => /
)

[23-Apr-2025 22:14:26 Europe/Minsk] Final URI: /admin
[23-Apr-2025 22:14:26 Europe/Minsk] Checking credentials for: admin
[23-Apr-2025 22:14:26 Europe/Minsk] Password verification: SUCCESS
[23-Apr-2025 22:14:26 Europe/Minsk] Access denied: empty path
[23-Apr-2025 22:14:26 Europe/Minsk] Final URI: /admin
[23-Apr-2025 22:14:26 Europe/Minsk] Trying to route: /admin
[23-Apr-2025 22:14:26 Europe/Minsk] Available routes: Array
(
    [0] => /admin
    [1] => /admin/action
    [2] => /
)

[23-Apr-2025 22:14:26 Europe/Minsk] Final URI: /admin
[23-Apr-2025 22:14:26 Europe/Minsk] Checking credentials for: admin
[23-Apr-2025 22:14:26 Europe/Minsk] Password verification: SUCCESS
[23-Apr-2025 22:14:26 Europe/Minsk] Access denied: empty path
[23-Apr-2025 22:16:52 Europe/Minsk] Final URI: /admin
[23-Apr-2025 22:16:52 Europe/Minsk] Trying to route: /admin
[23-Apr-2025 22:16:52 Europe/Minsk] Available routes: Array
(
    [0] => /admin
    [1] => /admin/action
    [2] => /
)

[23-Apr-2025 22:16:52 Europe/Minsk] Final URI: /admin
[23-Apr-2025 22:17:05 Europe/Minsk] Final URI: /admin
[23-Apr-2025 22:17:05 Europe/Minsk] Trying to route: /admin
[23-Apr-2025 22:17:05 Europe/Minsk] Available routes: Array
(
    [0] => /admin
    [1] => /admin/action
    [2] => /
)

[23-Apr-2025 22:17:05 Europe/Minsk] Final URI: /admin
[23-Apr-2025 22:17:05 Europe/Minsk] Checking credentials for: admin
[23-Apr-2025 22:17:05 Europe/Minsk] Password verification: SUCCESS
[23-Apr-2025 22:17:05 Europe/Minsk] BaseDir: /var/www/src/public/
[23-Apr-2025 22:17:05 Europe/Minsk] Request URI: /admin
[23-Apr-2025 22:17:05 Europe/Minsk] GET params: Array
(
)

[23-Apr-2025 22:17:05 Europe/Minsk] Path does not exist: /var/www/src/public/var/www/src/public/
[23-Apr-2025 22:17:05 Europe/Minsk] Access denied: invalid path /var/www/src/public/
[23-Apr-2025 22:17:05 Europe/Minsk] Final URI: /favicon.ico
[23-Apr-2025 22:17:05 Europe/Minsk] Trying to route: /favicon.ico
[23-Apr-2025 22:17:05 Europe/Minsk] Available routes: Array
(
    [0] => /admin
    [1] => /admin/action
    [2] => /
)

[23-Apr-2025 22:17:05 Europe/Minsk] Final URI: /favicon.ico
[23-Apr-2025 22:17:57 Europe/Minsk] Final URI: /admin
[23-Apr-2025 22:17:57 Europe/Minsk] Trying to route: /admin
[23-Apr-2025 22:17:57 Europe/Minsk] Available routes: Array
(
    [0] => /admin
    [1] => /admin/action
    [2] => /
)

[23-Apr-2025 22:17:57 Europe/Minsk] Final URI: /admin
[23-Apr-2025 22:17:57 Europe/Minsk] Checking credentials for: admin
[23-Apr-2025 22:17:57 Europe/Minsk] Password verification: SUCCESS
[23-Apr-2025 22:17:57 Europe/Minsk] BaseDir: /var/www/src/public/
[23-Apr-2025 22:17:57 Europe/Minsk] Request URI: /admin/
[23-Apr-2025 22:17:57 Europe/Minsk] GET params: Array
(
)

[23-Apr-2025 22:17:57 Europe/Minsk] Path does not exist: /var/www/src/public/var/www/src/public/
[23-Apr-2025 22:17:57 Europe/Minsk] Access denied: invalid path /var/www/src/public/
[23-Apr-2025 22:20:31 Europe/Minsk] Final URI: /admin
[23-Apr-2025 22:20:31 Europe/Minsk] Trying to route: /admin
[23-Apr-2025 22:20:31 Europe/Minsk] Available routes: Array
(
    [0] => /admin
    [1] => /admin/action
    [2] => /
)

[23-Apr-2025 22:20:31 Europe/Minsk] Final URI: /admin
[23-Apr-2025 22:20:31 Europe/Minsk] Checking credentials for: admin
[23-Apr-2025 22:20:31 Europe/Minsk] Password verification: SUCCESS
[23-Apr-2025 22:20:31 Europe/Minsk] BaseDir: /var/www/src/public/
[23-Apr-2025 22:20:31 Europe/Minsk] Request URI: /admin/
[23-Apr-2025 22:20:31 Europe/Minsk] GET params: Array
(
)

[23-Apr-2025 22:20:31 Europe/Minsk] Path does not exist: /var/www/src/public//var/www/src/public/
[23-Apr-2025 22:20:31 Europe/Minsk] Access denied: invalid path /var/www/src/public/
[23-Apr-2025 22:20:31 Europe/Minsk] Final URI: /favicon.ico
[23-Apr-2025 22:20:31 Europe/Minsk] Trying to route: /favicon.ico
[23-Apr-2025 22:20:31 Europe/Minsk] Available routes: Array
(
    [0] => /admin
    [1] => /admin/action
    [2] => /
)

[23-Apr-2025 22:20:31 Europe/Minsk] Final URI: /favicon.ico
[23-Apr-2025 22:23:06 Europe/Minsk] Final URI: /test-auth
[23-Apr-2025 22:23:06 Europe/Minsk] Trying to route: /test-auth
[23-Apr-2025 22:23:06 Europe/Minsk] Available routes: Array
(
    [0] => /admin
    [1] => /admin/action
    [2] => /test-auth
    [3] => /
)

[23-Apr-2025 22:23:06 Europe/Minsk] Final URI: /test-auth
[23-Apr-2025 22:28:00 Europe/Minsk] Final URI: /admin
[23-Apr-2025 22:28:00 Europe/Minsk] Trying to route: /admin
[23-Apr-2025 22:28:00 Europe/Minsk] Available routes: Array
(
    [0] => /admin
    [1] => /admin/action
    [2] => /test-auth
    [3] => /
)

[23-Apr-2025 22:28:00 Europe/Minsk] Final URI: /admin
[23-Apr-2025 22:28:12 Europe/Minsk] Final URI: /admin
[23-Apr-2025 22:28:12 Europe/Minsk] Trying to route: /admin
[23-Apr-2025 22:28:12 Europe/Minsk] Available routes: Array
(
    [0] => /admin
    [1] => /admin/action
    [2] => /test-auth
    [3] => /
)

[23-Apr-2025 22:28:12 Europe/Minsk] Final URI: /admin
[23-Apr-2025 22:28:12 Europe/Minsk] BaseDir: /var/www/src/public/
[23-Apr-2025 22:28:12 Europe/Minsk] Request URI: /admin
[23-Apr-2025 22:28:12 Europe/Minsk] GET params: Array
(
)

[23-Apr-2025 22:28:12 Europe/Minsk] Path does not exist: /var/www/src/public//var/www/src/public/
[23-Apr-2025 22:28:12 Europe/Minsk] Access denied: invalid path /var/www/src/public/
[23-Apr-2025 22:31:15 Europe/Minsk] Final URI: /
[23-Apr-2025 22:31:15 Europe/Minsk] Trying to route: /
[23-Apr-2025 22:31:15 Europe/Minsk] Available routes: Array
(
    [0] => /admin
    [1] => /admin/action
    [2] => /test-auth
    [3] => /
)

[23-Apr-2025 22:31:15 Europe/Minsk] Final URI: /
[23-Apr-2025 22:31:19 Europe/Minsk] Final URI: /admin
[23-Apr-2025 22:31:19 Europe/Minsk] Trying to route: /admin
[23-Apr-2025 22:31:19 Europe/Minsk] Available routes: Array
(
    [0] => /admin
    [1] => /admin/action
    [2] => /test-auth
    [3] => /
)

[23-Apr-2025 22:31:19 Europe/Minsk] Final URI: /admin
[23-Apr-2025 22:31:19 Europe/Minsk] Path does not exist: /var/www/src/public//var/www/src/public/
[23-Apr-2025 22:31:19 Europe/Minsk] Access denied: invalid path /var/www/src/public/
[23-Apr-2025 22:31:38 Europe/Minsk] Final URI: /admin
[23-Apr-2025 22:31:38 Europe/Minsk] Trying to route: /admin
[23-Apr-2025 22:31:38 Europe/Minsk] Available routes: Array
(
    [0] => /admin
    [1] => /admin/action
    [2] => /test-auth
    [3] => /
)

[23-Apr-2025 22:31:38 Europe/Minsk] Final URI: /admin
[23-Apr-2025 22:31:43 Europe/Minsk] Final URI: /admin
[23-Apr-2025 22:31:43 Europe/Minsk] Trying to route: /admin
[23-Apr-2025 22:31:43 Europe/Minsk] Available routes: Array
(
    [0] => /admin
    [1] => /admin/action
    [2] => /test-auth
    [3] => /
)

[23-Apr-2025 22:31:43 Europe/Minsk] Final URI: /admin
[23-Apr-2025 22:31:43 Europe/Minsk] BaseDir: /var/www/src/public/
[23-Apr-2025 22:31:43 Europe/Minsk] Request URI: /admin
[23-Apr-2025 22:31:43 Europe/Minsk] GET params: Array
(
)

[23-Apr-2025 22:31:43 Europe/Minsk] Path does not exist: /var/www/src/public//var/www/src/public/
[23-Apr-2025 22:31:43 Europe/Minsk] Access denied: invalid path /var/www/src/public/
[23-Apr-2025 22:31:43 Europe/Minsk] Final URI: /favicon.ico
[23-Apr-2025 22:31:43 Europe/Minsk] Trying to route: /favicon.ico
[23-Apr-2025 22:31:43 Europe/Minsk] Available routes: Array
(
    [0] => /admin
    [1] => /admin/action
    [2] => /test-auth
    [3] => /
)

[23-Apr-2025 22:31:43 Europe/Minsk] Final URI: /favicon.ico
[23-Apr-2025 22:32:06 Europe/Minsk] Final URI: /admin
[23-Apr-2025 22:32:06 Europe/Minsk] Trying to route: /admin
[23-Apr-2025 22:32:06 Europe/Minsk] Available routes: Array
(
    [0] => /admin
    [1] => /admin/action
    [2] => /test-auth
    [3] => /
)

[23-Apr-2025 22:32:06 Europe/Minsk] Final URI: /admin
[23-Apr-2025 22:32:06 Europe/Minsk] Access granted to root
[23-Apr-2025 22:32:06 Europe/Minsk] Router error: FileManager\FileManager::displayDirectoryContents(): Argument #1 ($fullPath) must be of type string, null given, called in /var/www/src/public/admin/filemanager/filemanager.php on line 63
#0 /var/www/src/public/admin/filemanager/filemanager.php(63): FileManager\FileManager->displayDirectoryContents()
#1 /var/www/src/public/admin/filemanager/filemanager.php(38): FileManager\FileManager->handleGetRequest()
#2 /var/www/src/Controller/AdminController.php(16): FileManager\FileManager->handleRequest()
#3 /var/www/src/router/Router.php(43): Controller\AdminController->index()
#4 /var/www/index.php(8): Router\Router->handleRequest()
#5 {main}
[23-Apr-2025 22:32:24 Europe/Minsk] Final URI: /admin
[23-Apr-2025 22:32:24 Europe/Minsk] Trying to route: /admin
[23-Apr-2025 22:32:24 Europe/Minsk] Available routes: Array
(
    [0] => /admin
    [1] => /admin/action
    [2] => /test-auth
    [3] => /
)

[23-Apr-2025 22:32:24 Europe/Minsk] Final URI: /admin
[23-Apr-2025 22:32:24 Europe/Minsk] BaseDir: /var/www/src/public/
[23-Apr-2025 22:32:24 Europe/Minsk] Request URI: /admin
[23-Apr-2025 22:32:24 Europe/Minsk] GET params: Array
(
)

[23-Apr-2025 22:32:24 Europe/Minsk] Path does not exist: /var/www/src/public//var/www/src/public/
[23-Apr-2025 22:32:24 Europe/Minsk] Access denied: invalid path /var/www/src/public/
[23-Apr-2025 22:32:29 Europe/Minsk] Final URI: /admin
[23-Apr-2025 22:32:29 Europe/Minsk] Trying to route: /admin
[23-Apr-2025 22:32:29 Europe/Minsk] Available routes: Array
(
    [0] => /admin
    [1] => /admin/action
    [2] => /test-auth
    [3] => /
)

[23-Apr-2025 22:32:29 Europe/Minsk] Final URI: /admin
[23-Apr-2025 22:32:29 Europe/Minsk] BaseDir: /var/www/src/public/
[23-Apr-2025 22:32:29 Europe/Minsk] Request URI: /admin
[23-Apr-2025 22:32:29 Europe/Minsk] GET params: Array
(
)

[23-Apr-2025 22:32:29 Europe/Minsk] Path does not exist: /var/www/src/public//var/www/src/public/
[23-Apr-2025 22:32:29 Europe/Minsk] Access denied: invalid path /var/www/src/public/
[23-Apr-2025 22:35:20 Europe/Minsk] Final URI: /admin
[23-Apr-2025 22:35:20 Europe/Minsk] Trying to route: /admin
[23-Apr-2025 22:35:20 Europe/Minsk] Available routes: Array
(
    [0] => /admin
    [1] => /admin/action
    [2] => /test-auth
    [3] => /
)

[23-Apr-2025 22:35:20 Europe/Minsk] Final URI: /admin
[23-Apr-2025 22:36:09 Europe/Minsk] Final URI: /admin
[23-Apr-2025 22:36:09 Europe/Minsk] Trying to route: /admin
[23-Apr-2025 22:36:09 Europe/Minsk] Available routes: Array
(
    [0] => /admin
    [1] => /admin/action
    [2] => /test-auth
    [3] => /
)

[23-Apr-2025 22:36:09 Europe/Minsk] Final URI: /admin
[23-Apr-2025 22:36:15 Europe/Minsk] Final URI: /admin
[23-Apr-2025 22:36:15 Europe/Minsk] Trying to route: /admin
[23-Apr-2025 22:36:15 Europe/Minsk] Available routes: Array
(
    [0] => /admin
    [1] => /admin/action
    [2] => /test-auth
    [3] => /
)

[23-Apr-2025 22:36:15 Europe/Minsk] Final URI: /admin
[23-Apr-2025 22:36:21 Europe/Minsk] Final URI: /admin
[23-Apr-2025 22:36:21 Europe/Minsk] Trying to route: /admin
[23-Apr-2025 22:36:21 Europe/Minsk] Available routes: Array
(
    [0] => /admin
    [1] => /admin/action
    [2] => /test-auth
    [3] => /
)

[23-Apr-2025 22:36:21 Europe/Minsk] Final URI: /admin
[23-Apr-2025 22:36:22 Europe/Minsk] Final URI: /admin
[23-Apr-2025 22:36:22 Europe/Minsk] Trying to route: /admin
[23-Apr-2025 22:36:22 Europe/Minsk] Available routes: Array
(
    [0] => /admin
    [1] => /admin/action
    [2] => /test-auth
    [3] => /
)

[23-Apr-2025 22:36:22 Europe/Minsk] Final URI: /admin
[23-Apr-2025 22:36:22 Europe/Minsk] Final URI: /admin
[23-Apr-2025 22:36:22 Europe/Minsk] Trying to route: /admin
[23-Apr-2025 22:36:22 Europe/Minsk] Available routes: Array
(
    [0] => /admin
    [1] => /admin/action
    [2] => /test-auth
    [3] => /
)

[23-Apr-2025 22:36:22 Europe/Minsk] Final URI: /admin
[23-Apr-2025 22:36:22 Europe/Minsk] Final URI: /favicon.ico
[23-Apr-2025 22:36:22 Europe/Minsk] Trying to route: /favicon.ico
[23-Apr-2025 22:36:22 Europe/Minsk] Available routes: Array
(
    [0] => /admin
    [1] => /admin/action
    [2] => /test-auth
    [3] => /
)

[23-Apr-2025 22:36:22 Europe/Minsk] Final URI: /favicon.ico
[23-Apr-2025 22:38:08 Europe/Minsk] Final URI: /admin
[23-Apr-2025 22:38:08 Europe/Minsk] Trying to route: /admin
[23-Apr-2025 22:38:08 Europe/Minsk] Available routes: Array
(
    [0] => /admin
    [1] => /admin/action
    [2] => /test-auth
    [3] => /
)

[23-Apr-2025 22:38:08 Europe/Minsk] Final URI: /admin
[23-Apr-2025 22:38:16 Europe/Minsk] Final URI: /admin
[23-Apr-2025 22:38:16 Europe/Minsk] Trying to route: /admin
[23-Apr-2025 22:38:16 Europe/Minsk] Available routes: Array
(
    [0] => /admin
    [1] => /admin/action
    [2] => /test-auth
    [3] => /
)

[23-Apr-2025 22:38:16 Europe/Minsk] Final URI: /admin
[23-Apr-2025 22:38:17 Europe/Minsk] BaseDir: /var/www/src/public/
[23-Apr-2025 22:38:17 Europe/Minsk] Request URI: /admin
[23-Apr-2025 22:38:17 Europe/Minsk] GET params: Array
(
)

[23-Apr-2025 22:38:17 Europe/Minsk] Path does not exist: /var/www/src/public//var/www/src/public/
[23-Apr-2025 22:38:17 Europe/Minsk] Access denied: invalid path /var/www/src/public/
[23-Apr-2025 22:47:06 Europe/Minsk] Final URI: /
[23-Apr-2025 22:47:06 Europe/Minsk] Trying to route: /
[23-Apr-2025 22:47:06 Europe/Minsk] Available routes: Array
(
    [0] => /admin
    [1] => /admin/action
    [2] => /test-auth
    [3] => /
)

[23-Apr-2025 22:47:06 Europe/Minsk] Final URI: /
[23-Apr-2025 22:47:09 Europe/Minsk] Final URI: /admin
[23-Apr-2025 22:47:09 Europe/Minsk] Trying to route: /admin
[23-Apr-2025 22:47:09 Europe/Minsk] Available routes: Array
(
    [0] => /admin
    [1] => /admin/action
    [2] => /test-auth
    [3] => /
)

[23-Apr-2025 22:47:09 Europe/Minsk] Final URI: /admin
[23-Apr-2025 22:47:10 Europe/Minsk] Base directory: /var/www/src/public/
[23-Apr-2025 22:47:10 Europe/Minsk] Request method: GET
[23-Apr-2025 22:47:10 Europe/Minsk] Request URI: /admin/
[23-Apr-2025 22:47:10 Europe/Minsk] GET params: Array
(
)

[23-Apr-2025 22:47:10 Europe/Minsk] Requested path: 
[23-Apr-2025 22:47:10 Europe/Minsk] Security alert: Path traversal attempt
[23-Apr-2025 22:47:10 Europe/Minsk] Resolved path: 
[23-Apr-2025 22:47:10 Europe/Minsk] Path not allowed: 
[23-Apr-2025 22:47:57 Europe/Minsk] Final URI: /admin
[23-Apr-2025 22:47:57 Europe/Minsk] Trying to route: /admin
[23-Apr-2025 22:47:57 Europe/Minsk] Available routes: Array
(
    [0] => /admin
    [1] => /admin/action
    [2] => /test-auth
    [3] => /
)

[23-Apr-2025 22:47:57 Europe/Minsk] Final URI: /admin
[23-Apr-2025 22:47:57 Europe/Minsk] Base directory: /var/www/src/public/
[23-Apr-2025 22:47:57 Europe/Minsk] Request method: GET
[23-Apr-2025 22:47:57 Europe/Minsk] Request URI: /admin/
[23-Apr-2025 22:47:57 Europe/Minsk] GET params: Array
(
)

[23-Apr-2025 22:47:57 Europe/Minsk] Requested path: 
[23-Apr-2025 22:47:57 Europe/Minsk] Security alert: Path traversal attempt
[23-Apr-2025 22:47:57 Europe/Minsk] Resolved path: 
[23-Apr-2025 22:47:57 Europe/Minsk] Path not allowed: 
[23-Apr-2025 22:48:00 Europe/Minsk] Final URI: /admin
[23-Apr-2025 22:48:00 Europe/Minsk] Trying to route: /admin
[23-Apr-2025 22:48:00 Europe/Minsk] Available routes: Array
(
    [0] => /admin
    [1] => /admin/action
    [2] => /test-auth
    [3] => /
)

[23-Apr-2025 22:48:00 Europe/Minsk] Final URI: /admin
[23-Apr-2025 22:48:00 Europe/Minsk] Base directory: /var/www/src/public/
[23-Apr-2025 22:48:00 Europe/Minsk] Request method: GET
[23-Apr-2025 22:48:00 Europe/Minsk] Request URI: /admin/
[23-Apr-2025 22:48:00 Europe/Minsk] GET params: Array
(
)

[23-Apr-2025 22:48:00 Europe/Minsk] Requested path: 
[23-Apr-2025 22:48:00 Europe/Minsk] Security alert: Path traversal attempt
[23-Apr-2025 22:48:00 Europe/Minsk] Resolved path: 
[23-Apr-2025 22:48:00 Europe/Minsk] Path not allowed: 
[23-Apr-2025 22:49:23 Europe/Minsk] Final URI: /admin
[23-Apr-2025 22:49:23 Europe/Minsk] Trying to route: /admin
[23-Apr-2025 22:49:23 Europe/Minsk] Available routes: Array
(
    [0] => /admin
    [1] => /admin/action
    [2] => /test-auth
    [3] => /
)

[23-Apr-2025 22:49:23 Europe/Minsk] Final URI: /admin
[23-Apr-2025 22:49:23 Europe/Minsk] Base directory: /var/www/src/public/
[23-Apr-2025 22:49:23 Europe/Minsk] Request method: GET
[23-Apr-2025 22:49:23 Europe/Minsk] Request URI: /admin/
[23-Apr-2025 22:49:23 Europe/Minsk] GET params: Array
(
)

[23-Apr-2025 22:49:23 Europe/Minsk] Requested path: 
[23-Apr-2025 22:49:23 Europe/Minsk] Security alert: Path traversal attempt
[23-Apr-2025 22:49:23 Europe/Minsk] Resolved path: 
[23-Apr-2025 22:49:23 Europe/Minsk] Path not allowed: 
[23-Apr-2025 22:52:02 Europe/Minsk] Final URI: /admin
[23-Apr-2025 22:52:02 Europe/Minsk] Trying to route: /admin
[23-Apr-2025 22:52:02 Europe/Minsk] Available routes: Array
(
    [0] => /admin
    [1] => /admin/action
    [2] => /test-auth
    [3] => /
)

[23-Apr-2025 22:52:02 Europe/Minsk] Final URI: /admin
[23-Apr-2025 22:52:02 Europe/Minsk] Base directory: /var/www/src/public/
[23-Apr-2025 22:52:02 Europe/Minsk] Request method: GET
[23-Apr-2025 22:52:02 Europe/Minsk] Request URI: /admin
[23-Apr-2025 22:52:02 Europe/Minsk] GET params: Array
(
)

[23-Apr-2025 22:52:02 Europe/Minsk] Requested path: 
[23-Apr-2025 22:52:02 Europe/Minsk] Security alert: Path traversal attempt
[23-Apr-2025 22:52:02 Europe/Minsk] Resolved path: 
[23-Apr-2025 22:52:02 Europe/Minsk] Path not allowed: 
[23-Apr-2025 22:54:34 Europe/Minsk] Final URI: /admin
[23-Apr-2025 22:54:34 Europe/Minsk] Trying to route: /admin
[23-Apr-2025 22:54:34 Europe/Minsk] Available routes: Array
(
    [0] => /admin
    [1] => /admin/action
    [2] => /test-auth
    [3] => /
)

[23-Apr-2025 22:54:34 Europe/Minsk] Final URI: /admin
[23-Apr-2025 22:55:55 Europe/Minsk] Final URI: /admin
[23-Apr-2025 22:55:55 Europe/Minsk] Trying to route: /admin
[23-Apr-2025 22:55:55 Europe/Minsk] Available routes: Array
(
    [0] => /admin
    [1] => /admin/action
    [2] => /test-auth
    [3] => /
)

[23-Apr-2025 22:55:55 Europe/Minsk] Final URI: /admin
[23-Apr-2025 22:55:55 Europe/Minsk] Base directory: /var/www/src/public/
[23-Apr-2025 22:55:55 Europe/Minsk] Allowed dirs: Array
(
    [0] => /var/www/src/public//css/
    [1] => /var/www/src/public//js/
    [2] => /var/www/src/public//html/
    [3] => /var/www/src/public//img/
)

[23-Apr-2025 22:55:55 Europe/Minsk] Requested path: css
[23-Apr-2025 22:55:55 Europe/Minsk] Resolved path: /var/www/src/public/css
[23-Apr-2025 22:55:55 Europe/Minsk] Access denied for path: /var/www/src/public/css
[23-Apr-2025 22:57:17 Europe/Minsk] Final URI: /admin
[23-Apr-2025 22:57:17 Europe/Minsk] Trying to route: /admin
[23-Apr-2025 22:57:17 Europe/Minsk] Available routes: Array
(
    [0] => /admin
    [1] => /admin/action
    [2] => /test-auth
    [3] => /
)

[23-Apr-2025 22:57:17 Europe/Minsk] Final URI: /admin
[23-Apr-2025 22:57:17 Europe/Minsk] Base directory: /var/www/src/public/
[23-Apr-2025 22:57:17 Europe/Minsk] Allowed dirs: Array
(
    [0] => /var/www/src/public//css/
    [1] => /var/www/src/public//js/
    [2] => /var/www/src/public//html/
    [3] => /var/www/src/public//img/
)

[23-Apr-2025 22:57:17 Europe/Minsk] Requested path: 
[23-Apr-2025 22:57:17 Europe/Minsk] Error: Potential directory traversal attack
[23-Apr-2025 22:58:32 Europe/Minsk] Final URI: /admin
[23-Apr-2025 22:58:32 Europe/Minsk] Trying to route: /admin
[23-Apr-2025 22:58:32 Europe/Minsk] Available routes: Array
(
    [0] => /admin
    [1] => /admin/action
    [2] => /test-auth
    [3] => /
)

[23-Apr-2025 22:58:32 Europe/Minsk] Final URI: /admin
[23-Apr-2025 22:58:32 Europe/Minsk] Base directory: /var/www/src/public/
[23-Apr-2025 22:58:32 Europe/Minsk] Allowed dirs: Array
(
    [0] => /var/www/src/public//css/
    [1] => /var/www/src/public//js/
    [2] => /var/www/src/public//html/
    [3] => /var/www/src/public//img/
)

[23-Apr-2025 22:58:32 Europe/Minsk] Requested path: 
[23-Apr-2025 22:58:32 Europe/Minsk] Error: Potential directory traversal attack
[23-Apr-2025 23:00:37 Europe/Minsk] Final URI: /admin
[23-Apr-2025 23:00:37 Europe/Minsk] Trying to route: /admin
[23-Apr-2025 23:00:37 Europe/Minsk] Available routes: Array
(
    [0] => /admin
    [1] => /admin/action
    [2] => /test-auth
    [3] => /
)

[23-Apr-2025 23:00:37 Europe/Minsk] Final URI: /admin
[23-Apr-2025 23:03:29 Europe/Minsk] Final URI: /admin
[23-Apr-2025 23:03:29 Europe/Minsk] Trying to route: /admin
[23-Apr-2025 23:03:29 Europe/Minsk] Available routes: Array
(
    [0] => /admin
    [1] => /admin/action
    [2] => /test-auth
    [3] => /
)

[23-Apr-2025 23:03:29 Europe/Minsk] Final URI: /admin
[23-Apr-2025 23:03:29 Europe/Minsk] PHP Warning:  Undefined variable $requestedPath in /var/www/src/public/admin/filemanager/view.php on line 26
[23-Apr-2025 23:03:29 Europe/Minsk] PHP Warning:  Undefined variable $fullPath in /var/www/src/public/admin/filemanager/view.php on line 41
[23-Apr-2025 23:03:29 Europe/Minsk] PHP Warning:  Undefined variable $requestedPath in /var/www/src/public/admin/filemanager/view.php on line 47
[23-Apr-2025 23:03:29 Europe/Minsk] PHP Warning:  Undefined variable $requestedPath in /var/www/src/public/admin/filemanager/view.php on line 55
[23-Apr-2025 23:03:29 Europe/Minsk] PHP Deprecated:  urlencode(): Passing null to parameter #1 ($string) of type string is deprecated in /var/www/src/public/admin/filemanager/view.php on line 55
[23-Apr-2025 23:03:29 Europe/Minsk] PHP Warning:  Undefined variable $fullPath in /var/www/src/public/admin/filemanager/view.php on line 59
[23-Apr-2025 23:03:29 Europe/Minsk] PHP Warning:  Undefined variable $fullPath in /var/www/src/public/admin/filemanager/view.php on line 41
[23-Apr-2025 23:03:29 Europe/Minsk] PHP Warning:  Undefined variable $requestedPath in /var/www/src/public/admin/filemanager/view.php on line 47
[23-Apr-2025 23:03:29 Europe/Minsk] PHP Warning:  Undefined variable $requestedPath in /var/www/src/public/admin/filemanager/view.php on line 55
[23-Apr-2025 23:03:29 Europe/Minsk] PHP Deprecated:  urlencode(): Passing null to parameter #1 ($string) of type string is deprecated in /var/www/src/public/admin/filemanager/view.php on line 55
[23-Apr-2025 23:03:29 Europe/Minsk] PHP Warning:  Undefined variable $fullPath in /var/www/src/public/admin/filemanager/view.php on line 59
[23-Apr-2025 23:03:29 Europe/Minsk] PHP Warning:  Undefined variable $fullPath in /var/www/src/public/admin/filemanager/view.php on line 41
[23-Apr-2025 23:03:29 Europe/Minsk] PHP Warning:  Undefined variable $requestedPath in /var/www/src/public/admin/filemanager/view.php on line 47
[23-Apr-2025 23:03:29 Europe/Minsk] PHP Warning:  Undefined variable $requestedPath in /var/www/src/public/admin/filemanager/view.php on line 55
[23-Apr-2025 23:03:29 Europe/Minsk] PHP Deprecated:  urlencode(): Passing null to parameter #1 ($string) of type string is deprecated in /var/www/src/public/admin/filemanager/view.php on line 55
[23-Apr-2025 23:03:29 Europe/Minsk] PHP Warning:  Undefined variable $fullPath in /var/www/src/public/admin/filemanager/view.php on line 59
[23-Apr-2025 23:03:29 Europe/Minsk] PHP Warning:  Undefined variable $fullPath in /var/www/src/public/admin/filemanager/view.php on line 41
[23-Apr-2025 23:03:29 Europe/Minsk] PHP Warning:  Undefined variable $requestedPath in /var/www/src/public/admin/filemanager/view.php on line 47
[23-Apr-2025 23:03:29 Europe/Minsk] PHP Warning:  Undefined variable $requestedPath in /var/www/src/public/admin/filemanager/view.php on line 55
[23-Apr-2025 23:03:29 Europe/Minsk] PHP Deprecated:  urlencode(): Passing null to parameter #1 ($string) of type string is deprecated in /var/www/src/public/admin/filemanager/view.php on line 55
[23-Apr-2025 23:03:29 Europe/Minsk] PHP Warning:  Undefined variable $fullPath in /var/www/src/public/admin/filemanager/view.php on line 59
[23-Apr-2025 23:03:29 Europe/Minsk] PHP Warning:  Undefined variable $fullPath in /var/www/src/public/admin/filemanager/view.php on line 41
[23-Apr-2025 23:03:29 Europe/Minsk] PHP Warning:  Undefined variable $requestedPath in /var/www/src/public/admin/filemanager/view.php on line 47
[23-Apr-2025 23:03:29 Europe/Minsk] PHP Warning:  Undefined variable $requestedPath in /var/www/src/public/admin/filemanager/view.php on line 55
[23-Apr-2025 23:03:29 Europe/Minsk] PHP Deprecated:  urlencode(): Passing null to parameter #1 ($string) of type string is deprecated in /var/www/src/public/admin/filemanager/view.php on line 55
[23-Apr-2025 23:03:29 Europe/Minsk] PHP Warning:  Undefined variable $fullPath in /var/www/src/public/admin/filemanager/view.php on line 59
[23-Apr-2025 23:03:29 Europe/Minsk] PHP Warning:  Undefined variable $fullPath in /var/www/src/public/admin/filemanager/view.php on line 41
[23-Apr-2025 23:03:29 Europe/Minsk] PHP Warning:  Undefined variable $requestedPath in /var/www/src/public/admin/filemanager/view.php on line 47
[23-Apr-2025 23:03:29 Europe/Minsk] PHP Warning:  Undefined variable $requestedPath in /var/www/src/public/admin/filemanager/view.php on line 55
[23-Apr-2025 23:03:29 Europe/Minsk] PHP Deprecated:  urlencode(): Passing null to parameter #1 ($string) of type string is deprecated in /var/www/src/public/admin/filemanager/view.php on line 55
[23-Apr-2025 23:03:29 Europe/Minsk] PHP Warning:  Undefined variable $fullPath in /var/www/src/public/admin/filemanager/view.php on line 59
[23-Apr-2025 23:03:29 Europe/Minsk] PHP Warning:  Undefined variable $fullPath in /var/www/src/public/admin/filemanager/view.php on line 41
[23-Apr-2025 23:03:29 Europe/Minsk] PHP Warning:  Undefined variable $requestedPath in /var/www/src/public/admin/filemanager/view.php on line 47
[23-Apr-2025 23:03:29 Europe/Minsk] PHP Warning:  Undefined variable $requestedPath in /var/www/src/public/admin/filemanager/view.php on line 55
[23-Apr-2025 23:03:29 Europe/Minsk] PHP Deprecated:  urlencode(): Passing null to parameter #1 ($string) of type string is deprecated in /var/www/src/public/admin/filemanager/view.php on line 55
[23-Apr-2025 23:03:29 Europe/Minsk] PHP Warning:  Undefined variable $fullPath in /var/www/src/public/admin/filemanager/view.php on line 59
[23-Apr-2025 23:03:29 Europe/Minsk] PHP Warning:  Undefined variable $editContent in /var/www/src/public/admin/filemanager/view.php on line 82
[23-Apr-2025 23:03:29 Europe/Minsk] Final URI: /public/admin/filemanager/assets/admin.css
[23-Apr-2025 23:03:29 Europe/Minsk] Trying to route: /public/admin/filemanager/assets/admin.css
[23-Apr-2025 23:03:29 Europe/Minsk] Available routes: Array
(
    [0] => /admin
    [1] => /admin/action
    [2] => /test-auth
    [3] => /
)

[23-Apr-2025 23:03:29 Europe/Minsk] Final URI: /public/admin/filemanager/assets/admin.css
[23-Apr-2025 23:04:09 Europe/Minsk] Final URI: /
[23-Apr-2025 23:04:09 Europe/Minsk] Trying to route: /
[23-Apr-2025 23:04:09 Europe/Minsk] Available routes: Array
(
    [0] => /admin
    [1] => /admin/action
    [2] => /test-auth
    [3] => /
)

[23-Apr-2025 23:04:09 Europe/Minsk] Final URI: /
[23-Apr-2025 23:04:15 Europe/Minsk] Final URI: /admin
[23-Apr-2025 23:04:15 Europe/Minsk] Trying to route: /admin
[23-Apr-2025 23:04:15 Europe/Minsk] Available routes: Array
(
    [0] => /admin
    [1] => /admin/action
    [2] => /test-auth
    [3] => /
)

[23-Apr-2025 23:04:15 Europe/Minsk] Final URI: /admin
[23-Apr-2025 23:04:15 Europe/Minsk] PHP Warning:  Undefined variable $requestedPath in /var/www/src/public/admin/filemanager/view.php on line 26
[23-Apr-2025 23:04:15 Europe/Minsk] PHP Warning:  Undefined variable $fullPath in /var/www/src/public/admin/filemanager/view.php on line 41
[23-Apr-2025 23:04:15 Europe/Minsk] PHP Warning:  Undefined variable $requestedPath in /var/www/src/public/admin/filemanager/view.php on line 47
[23-Apr-2025 23:04:15 Europe/Minsk] PHP Warning:  Undefined variable $requestedPath in /var/www/src/public/admin/filemanager/view.php on line 55
[23-Apr-2025 23:04:15 Europe/Minsk] PHP Deprecated:  urlencode(): Passing null to parameter #1 ($string) of type string is deprecated in /var/www/src/public/admin/filemanager/view.php on line 55
[23-Apr-2025 23:04:15 Europe/Minsk] PHP Warning:  Undefined variable $fullPath in /var/www/src/public/admin/filemanager/view.php on line 59
[23-Apr-2025 23:04:15 Europe/Minsk] PHP Warning:  Undefined variable $fullPath in /var/www/src/public/admin/filemanager/view.php on line 41
[23-Apr-2025 23:04:15 Europe/Minsk] PHP Warning:  Undefined variable $requestedPath in /var/www/src/public/admin/filemanager/view.php on line 47
[23-Apr-2025 23:04:15 Europe/Minsk] PHP Warning:  Undefined variable $requestedPath in /var/www/src/public/admin/filemanager/view.php on line 55
[23-Apr-2025 23:04:15 Europe/Minsk] PHP Deprecated:  urlencode(): Passing null to parameter #1 ($string) of type string is deprecated in /var/www/src/public/admin/filemanager/view.php on line 55
[23-Apr-2025 23:04:15 Europe/Minsk] PHP Warning:  Undefined variable $fullPath in /var/www/src/public/admin/filemanager/view.php on line 59
[23-Apr-2025 23:04:15 Europe/Minsk] PHP Warning:  Undefined variable $fullPath in /var/www/src/public/admin/filemanager/view.php on line 41
[23-Apr-2025 23:04:15 Europe/Minsk] PHP Warning:  Undefined variable $requestedPath in /var/www/src/public/admin/filemanager/view.php on line 47
[23-Apr-2025 23:04:15 Europe/Minsk] PHP Warning:  Undefined variable $requestedPath in /var/www/src/public/admin/filemanager/view.php on line 55
[23-Apr-2025 23:04:15 Europe/Minsk] PHP Deprecated:  urlencode(): Passing null to parameter #1 ($string) of type string is deprecated in /var/www/src/public/admin/filemanager/view.php on line 55
[23-Apr-2025 23:04:15 Europe/Minsk] PHP Warning:  Undefined variable $fullPath in /var/www/src/public/admin/filemanager/view.php on line 59
[23-Apr-2025 23:04:15 Europe/Minsk] PHP Warning:  Undefined variable $fullPath in /var/www/src/public/admin/filemanager/view.php on line 41
[23-Apr-2025 23:04:15 Europe/Minsk] PHP Warning:  Undefined variable $requestedPath in /var/www/src/public/admin/filemanager/view.php on line 47
[23-Apr-2025 23:04:15 Europe/Minsk] PHP Warning:  Undefined variable $requestedPath in /var/www/src/public/admin/filemanager/view.php on line 55
[23-Apr-2025 23:04:15 Europe/Minsk] PHP Deprecated:  urlencode(): Passing null to parameter #1 ($string) of type string is deprecated in /var/www/src/public/admin/filemanager/view.php on line 55
[23-Apr-2025 23:04:15 Europe/Minsk] PHP Warning:  Undefined variable $fullPath in /var/www/src/public/admin/filemanager/view.php on line 59
[23-Apr-2025 23:04:15 Europe/Minsk] PHP Warning:  Undefined variable $fullPath in /var/www/src/public/admin/filemanager/view.php on line 41
[23-Apr-2025 23:04:15 Europe/Minsk] PHP Warning:  Undefined variable $requestedPath in /var/www/src/public/admin/filemanager/view.php on line 47
[23-Apr-2025 23:04:15 Europe/Minsk] PHP Warning:  Undefined variable $requestedPath in /var/www/src/public/admin/filemanager/view.php on line 55
[23-Apr-2025 23:04:15 Europe/Minsk] PHP Deprecated:  urlencode(): Passing null to parameter #1 ($string) of type string is deprecated in /var/www/src/public/admin/filemanager/view.php on line 55
[23-Apr-2025 23:04:15 Europe/Minsk] PHP Warning:  Undefined variable $fullPath in /var/www/src/public/admin/filemanager/view.php on line 59
[23-Apr-2025 23:04:15 Europe/Minsk] PHP Warning:  Undefined variable $fullPath in /var/www/src/public/admin/filemanager/view.php on line 41
[23-Apr-2025 23:04:15 Europe/Minsk] PHP Warning:  Undefined variable $requestedPath in /var/www/src/public/admin/filemanager/view.php on line 47
[23-Apr-2025 23:04:15 Europe/Minsk] PHP Warning:  Undefined variable $requestedPath in /var/www/src/public/admin/filemanager/view.php on line 55
[23-Apr-2025 23:04:15 Europe/Minsk] PHP Deprecated:  urlencode(): Passing null to parameter #1 ($string) of type string is deprecated in /var/www/src/public/admin/filemanager/view.php on line 55
[23-Apr-2025 23:04:15 Europe/Minsk] PHP Warning:  Undefined variable $fullPath in /var/www/src/public/admin/filemanager/view.php on line 59
[23-Apr-2025 23:04:15 Europe/Minsk] PHP Warning:  Undefined variable $fullPath in /var/www/src/public/admin/filemanager/view.php on line 41
[23-Apr-2025 23:04:15 Europe/Minsk] PHP Warning:  Undefined variable $requestedPath in /var/www/src/public/admin/filemanager/view.php on line 47
[23-Apr-2025 23:04:15 Europe/Minsk] PHP Warning:  Undefined variable $requestedPath in /var/www/src/public/admin/filemanager/view.php on line 55
[23-Apr-2025 23:04:15 Europe/Minsk] PHP Deprecated:  urlencode(): Passing null to parameter #1 ($string) of type string is deprecated in /var/www/src/public/admin/filemanager/view.php on line 55
[23-Apr-2025 23:04:15 Europe/Minsk] PHP Warning:  Undefined variable $fullPath in /var/www/src/public/admin/filemanager/view.php on line 59
[23-Apr-2025 23:04:15 Europe/Minsk] PHP Warning:  Undefined variable $editContent in /var/www/src/public/admin/filemanager/view.php on line 82
[23-Apr-2025 23:04:15 Europe/Minsk] Final URI: /public/admin/filemanager/assets/admin.css
[23-Apr-2025 23:04:15 Europe/Minsk] Trying to route: /public/admin/filemanager/assets/admin.css
[23-Apr-2025 23:04:15 Europe/Minsk] Available routes: Array
(
    [0] => /admin
    [1] => /admin/action
    [2] => /test-auth
    [3] => /
)

[23-Apr-2025 23:04:15 Europe/Minsk] Final URI: /public/admin/filemanager/assets/admin.css
[23-Apr-2025 23:04:34 Europe/Minsk] Final URI: /admin
[23-Apr-2025 23:04:34 Europe/Minsk] Trying to route: /admin
[23-Apr-2025 23:04:34 Europe/Minsk] Available routes: Array
(
    [0] => /admin
    [1] => /admin/action
    [2] => /test-auth
    [3] => /
)

[23-Apr-2025 23:04:34 Europe/Minsk] Final URI: /admin
[23-Apr-2025 23:04:34 Europe/Minsk] PHP Warning:  Undefined variable $requestedPath in /var/www/src/public/admin/filemanager/view.php on line 26
[23-Apr-2025 23:04:34 Europe/Minsk] PHP Warning:  Undefined variable $fullPath in /var/www/src/public/admin/filemanager/view.php on line 41
[23-Apr-2025 23:04:34 Europe/Minsk] PHP Warning:  Undefined variable $requestedPath in /var/www/src/public/admin/filemanager/view.php on line 47
[23-Apr-2025 23:04:34 Europe/Minsk] PHP Warning:  Undefined variable $requestedPath in /var/www/src/public/admin/filemanager/view.php on line 55
[23-Apr-2025 23:04:34 Europe/Minsk] PHP Deprecated:  urlencode(): Passing null to parameter #1 ($string) of type string is deprecated in /var/www/src/public/admin/filemanager/view.php on line 55
[23-Apr-2025 23:04:34 Europe/Minsk] PHP Warning:  Undefined variable $fullPath in /var/www/src/public/admin/filemanager/view.php on line 59
[23-Apr-2025 23:04:34 Europe/Minsk] PHP Warning:  Undefined variable $fullPath in /var/www/src/public/admin/filemanager/view.php on line 41
[23-Apr-2025 23:04:34 Europe/Minsk] PHP Warning:  Undefined variable $requestedPath in /var/www/src/public/admin/filemanager/view.php on line 47
[23-Apr-2025 23:04:34 Europe/Minsk] PHP Warning:  Undefined variable $requestedPath in /var/www/src/public/admin/filemanager/view.php on line 55
[23-Apr-2025 23:04:34 Europe/Minsk] PHP Deprecated:  urlencode(): Passing null to parameter #1 ($string) of type string is deprecated in /var/www/src/public/admin/filemanager/view.php on line 55
[23-Apr-2025 23:04:34 Europe/Minsk] PHP Warning:  Undefined variable $fullPath in /var/www/src/public/admin/filemanager/view.php on line 59
[23-Apr-2025 23:04:34 Europe/Minsk] PHP Warning:  Undefined variable $fullPath in /var/www/src/public/admin/filemanager/view.php on line 41
[23-Apr-2025 23:04:34 Europe/Minsk] PHP Warning:  Undefined variable $requestedPath in /var/www/src/public/admin/filemanager/view.php on line 47
[23-Apr-2025 23:04:34 Europe/Minsk] PHP Warning:  Undefined variable $requestedPath in /var/www/src/public/admin/filemanager/view.php on line 55
[23-Apr-2025 23:04:34 Europe/Minsk] PHP Deprecated:  urlencode(): Passing null to parameter #1 ($string) of type string is deprecated in /var/www/src/public/admin/filemanager/view.php on line 55
[23-Apr-2025 23:04:34 Europe/Minsk] PHP Warning:  Undefined variable $fullPath in /var/www/src/public/admin/filemanager/view.php on line 59
[23-Apr-2025 23:04:34 Europe/Minsk] PHP Warning:  Undefined variable $fullPath in /var/www/src/public/admin/filemanager/view.php on line 41
[23-Apr-2025 23:04:34 Europe/Minsk] PHP Warning:  Undefined variable $requestedPath in /var/www/src/public/admin/filemanager/view.php on line 47
[23-Apr-2025 23:04:34 Europe/Minsk] PHP Warning:  Undefined variable $requestedPath in /var/www/src/public/admin/filemanager/view.php on line 55
[23-Apr-2025 23:04:34 Europe/Minsk] PHP Deprecated:  urlencode(): Passing null to parameter #1 ($string) of type string is deprecated in /var/www/src/public/admin/filemanager/view.php on line 55
[23-Apr-2025 23:04:34 Europe/Minsk] PHP Warning:  Undefined variable $fullPath in /var/www/src/public/admin/filemanager/view.php on line 59
[23-Apr-2025 23:04:34 Europe/Minsk] PHP Warning:  Undefined variable $fullPath in /var/www/src/public/admin/filemanager/view.php on line 41
[23-Apr-2025 23:04:34 Europe/Minsk] PHP Warning:  Undefined variable $requestedPath in /var/www/src/public/admin/filemanager/view.php on line 47
[23-Apr-2025 23:04:34 Europe/Minsk] PHP Warning:  Undefined variable $requestedPath in /var/www/src/public/admin/filemanager/view.php on line 55
[23-Apr-2025 23:04:34 Europe/Minsk] PHP Deprecated:  urlencode(): Passing null to parameter #1 ($string) of type string is deprecated in /var/www/src/public/admin/filemanager/view.php on line 55
[23-Apr-2025 23:04:34 Europe/Minsk] PHP Warning:  Undefined variable $fullPath in /var/www/src/public/admin/filemanager/view.php on line 59
[23-Apr-2025 23:04:34 Europe/Minsk] PHP Warning:  Undefined variable $fullPath in /var/www/src/public/admin/filemanager/view.php on line 41
[23-Apr-2025 23:04:34 Europe/Minsk] PHP Warning:  Undefined variable $requestedPath in /var/www/src/public/admin/filemanager/view.php on line 47
[23-Apr-2025 23:04:34 Europe/Minsk] PHP Warning:  Undefined variable $requestedPath in /var/www/src/public/admin/filemanager/view.php on line 55
[23-Apr-2025 23:04:34 Europe/Minsk] PHP Deprecated:  urlencode(): Passing null to parameter #1 ($string) of type string is deprecated in /var/www/src/public/admin/filemanager/view.php on line 55
[23-Apr-2025 23:04:34 Europe/Minsk] PHP Warning:  Undefined variable $fullPath in /var/www/src/public/admin/filemanager/view.php on line 59
[23-Apr-2025 23:04:34 Europe/Minsk] PHP Warning:  Undefined variable $fullPath in /var/www/src/public/admin/filemanager/view.php on line 41
[23-Apr-2025 23:04:34 Europe/Minsk] PHP Warning:  Undefined variable $requestedPath in /var/www/src/public/admin/filemanager/view.php on line 47
[23-Apr-2025 23:04:34 Europe/Minsk] PHP Warning:  Undefined variable $requestedPath in /var/www/src/public/admin/filemanager/view.php on line 55
[23-Apr-2025 23:04:34 Europe/Minsk] PHP Deprecated:  urlencode(): Passing null to parameter #1 ($string) of type string is deprecated in /var/www/src/public/admin/filemanager/view.php on line 55
[23-Apr-2025 23:04:34 Europe/Minsk] PHP Warning:  Undefined variable $fullPath in /var/www/src/public/admin/filemanager/view.php on line 59
[23-Apr-2025 23:04:34 Europe/Minsk] PHP Warning:  Undefined variable $editContent in /var/www/src/public/admin/filemanager/view.php on line 82
[23-Apr-2025 23:04:34 Europe/Minsk] Final URI: /public/admin/filemanager/assets/admin.css
[23-Apr-2025 23:04:34 Europe/Minsk] Trying to route: /public/admin/filemanager/assets/admin.css
[23-Apr-2025 23:04:34 Europe/Minsk] Available routes: Array
(
    [0] => /admin
    [1] => /admin/action
    [2] => /test-auth
    [3] => /
)

[23-Apr-2025 23:04:34 Europe/Minsk] Final URI: /public/admin/filemanager/assets/admin.css
[23-Apr-2025 23:04:34 Europe/Minsk] Final URI: /favicon.ico
[23-Apr-2025 23:04:34 Europe/Minsk] Trying to route: /favicon.ico
[23-Apr-2025 23:04:34 Europe/Minsk] Available routes: Array
(
    [0] => /admin
    [1] => /admin/action
    [2] => /test-auth
    [3] => /
)

[23-Apr-2025 23:04:34 Europe/Minsk] Final URI: /favicon.ico
[23-Apr-2025 23:05:46 Europe/Minsk] Final URI: /admin
[23-Apr-2025 23:05:46 Europe/Minsk] Trying to route: /admin
[23-Apr-2025 23:05:46 Europe/Minsk] Available routes: Array
(
    [0] => /admin
    [1] => /admin/action
    [2] => /test-auth
    [3] => /
)

[23-Apr-2025 23:05:46 Europe/Minsk] Final URI: /admin
[23-Apr-2025 23:05:46 Europe/Minsk] Base directory: /var/www/src/public/
[23-Apr-2025 23:05:46 Europe/Minsk] Allowed dirs: Array
(
    [0] => /var/www/src/public//css/
    [1] => /var/www/src/public//js/
    [2] => /var/www/src/public//html/
    [3] => /var/www/src/public//img/
)

[23-Apr-2025 23:05:46 Europe/Minsk] Requested path: 
[23-Apr-2025 23:05:46 Europe/Minsk] Error: Potential directory traversal attack
[23-Apr-2025 23:05:51 Europe/Minsk] Final URI: /admin
[23-Apr-2025 23:05:51 Europe/Minsk] Trying to route: /admin
[23-Apr-2025 23:05:51 Europe/Minsk] Available routes: Array
(
    [0] => /admin
    [1] => /admin/action
    [2] => /test-auth
    [3] => /
)

[23-Apr-2025 23:05:51 Europe/Minsk] Final URI: /admin
[23-Apr-2025 23:05:56 Europe/Minsk] Final URI: /admin
[23-Apr-2025 23:05:56 Europe/Minsk] Trying to route: /admin
[23-Apr-2025 23:05:56 Europe/Minsk] Available routes: Array
(
    [0] => /admin
    [1] => /admin/action
    [2] => /test-auth
    [3] => /
)

[23-Apr-2025 23:05:56 Europe/Minsk] Final URI: /admin
[23-Apr-2025 23:05:56 Europe/Minsk] Base directory: /var/www/src/public/
[23-Apr-2025 23:05:56 Europe/Minsk] Request method: GET
[23-Apr-2025 23:05:56 Europe/Minsk] Request URI: /admin
[23-Apr-2025 23:05:56 Europe/Minsk] GET params: Array
(
)

[23-Apr-2025 23:05:56 Europe/Minsk] Requested path: 
[23-Apr-2025 23:05:56 Europe/Minsk] Security alert: Path traversal attempt
[23-Apr-2025 23:05:56 Europe/Minsk] Resolved path: 
[23-Apr-2025 23:05:56 Europe/Minsk] Path not allowed: 
[23-Apr-2025 23:05:57 Europe/Minsk] Final URI: /admin
[23-Apr-2025 23:05:57 Europe/Minsk] Trying to route: /admin
[23-Apr-2025 23:05:57 Europe/Minsk] Available routes: Array
(
    [0] => /admin
    [1] => /admin/action
    [2] => /test-auth
    [3] => /
)

[23-Apr-2025 23:05:57 Europe/Minsk] Final URI: /admin
[23-Apr-2025 23:05:57 Europe/Minsk] Base directory: /var/www/src/public/
[23-Apr-2025 23:05:57 Europe/Minsk] Request method: GET
[23-Apr-2025 23:05:57 Europe/Minsk] Request URI: /admin
[23-Apr-2025 23:05:57 Europe/Minsk] GET params: Array
(
)

[23-Apr-2025 23:05:57 Europe/Minsk] Requested path: 
[23-Apr-2025 23:05:57 Europe/Minsk] Security alert: Path traversal attempt
[23-Apr-2025 23:05:57 Europe/Minsk] Resolved path: 
[23-Apr-2025 23:05:57 Europe/Minsk] Path not allowed: 
[23-Apr-2025 23:06:13 Europe/Minsk] Final URI: /admin
[23-Apr-2025 23:06:13 Europe/Minsk] Trying to route: /admin
[23-Apr-2025 23:06:13 Europe/Minsk] Available routes: Array
(
    [0] => /admin
    [1] => /admin/action
    [2] => /test-auth
    [3] => /
)

[23-Apr-2025 23:06:13 Europe/Minsk] Final URI: /admin
[23-Apr-2025 23:06:13 Europe/Minsk] BaseDir: /var/www/src/public/
[23-Apr-2025 23:06:13 Europe/Minsk] Request URI: /admin
[23-Apr-2025 23:06:13 Europe/Minsk] GET params: Array
(
)

[23-Apr-2025 23:06:13 Europe/Minsk] Path does not exist: /var/www/src/public//var/www/src/public/
[23-Apr-2025 23:06:13 Europe/Minsk] Access denied: invalid path /var/www/src/public/
[23-Apr-2025 23:06:14 Europe/Minsk] Final URI: /admin
[23-Apr-2025 23:06:14 Europe/Minsk] Trying to route: /admin
[23-Apr-2025 23:06:14 Europe/Minsk] Available routes: Array
(
    [0] => /admin
    [1] => /admin/action
    [2] => /test-auth
    [3] => /
)

[23-Apr-2025 23:06:14 Europe/Minsk] Final URI: /admin
[23-Apr-2025 23:06:14 Europe/Minsk] BaseDir: /var/www/src/public/
[23-Apr-2025 23:06:14 Europe/Minsk] Request URI: /admin
[23-Apr-2025 23:06:14 Europe/Minsk] GET params: Array
(
)

[23-Apr-2025 23:06:14 Europe/Minsk] Path does not exist: /var/www/src/public//var/www/src/public/
[23-Apr-2025 23:06:14 Europe/Minsk] Access denied: invalid path /var/www/src/public/
[23-Apr-2025 23:06:14 Europe/Minsk] Final URI: /admin
[23-Apr-2025 23:06:14 Europe/Minsk] Trying to route: /admin
[23-Apr-2025 23:06:14 Europe/Minsk] Available routes: Array
(
    [0] => /admin
    [1] => /admin/action
    [2] => /test-auth
    [3] => /
)

[23-Apr-2025 23:06:14 Europe/Minsk] Final URI: /admin
[23-Apr-2025 23:06:14 Europe/Minsk] BaseDir: /var/www/src/public/
[23-Apr-2025 23:06:14 Europe/Minsk] Request URI: /admin
[23-Apr-2025 23:06:14 Europe/Minsk] GET params: Array
(
)

[23-Apr-2025 23:06:14 Europe/Minsk] Path does not exist: /var/www/src/public//var/www/src/public/
[23-Apr-2025 23:06:14 Europe/Minsk] Access denied: invalid path /var/www/src/public/
[23-Apr-2025 23:06:14 Europe/Minsk] Final URI: /admin
[23-Apr-2025 23:06:14 Europe/Minsk] Trying to route: /admin
[23-Apr-2025 23:06:14 Europe/Minsk] Available routes: Array
(
    [0] => /admin
    [1] => /admin/action
    [2] => /test-auth
    [3] => /
)

[23-Apr-2025 23:06:14 Europe/Minsk] Final URI: /admin
[23-Apr-2025 23:06:14 Europe/Minsk] BaseDir: /var/www/src/public/
[23-Apr-2025 23:06:14 Europe/Minsk] Request URI: /admin
[23-Apr-2025 23:06:14 Europe/Minsk] GET params: Array
(
)

[23-Apr-2025 23:06:14 Europe/Minsk] Path does not exist: /var/www/src/public//var/www/src/public/
[23-Apr-2025 23:06:14 Europe/Minsk] Access denied: invalid path /var/www/src/public/
[23-Apr-2025 23:08:39 Europe/Minsk] Final URI: /admin
[23-Apr-2025 23:08:39 Europe/Minsk] Trying to route: /admin
[23-Apr-2025 23:08:39 Europe/Minsk] Available routes: Array
(
    [0] => /admin
    [1] => /admin/action
    [2] => /test-auth
    [3] => /
)

[23-Apr-2025 23:08:39 Europe/Minsk] Final URI: /admin
[23-Apr-2025 23:08:39 Europe/Minsk] PHP Warning:  Undefined variable $fullPath in /var/www/src/public/admin/filemanager/view.php on line 98
[23-Apr-2025 23:08:39 Europe/Minsk] PHP Warning:  Undefined variable $requestedPath in /var/www/src/public/admin/filemanager/view.php on line 99
[23-Apr-2025 23:08:39 Europe/Minsk] PHP Warning:  Undefined variable $requestedPath in /var/www/src/public/admin/filemanager/view.php on line 116
[23-Apr-2025 23:08:39 Europe/Minsk] PHP Deprecated:  urlencode(): Passing null to parameter #1 ($string) of type string is deprecated in /var/www/src/public/admin/filemanager/view.php on line 116
[23-Apr-2025 23:08:39 Europe/Minsk] PHP Warning:  Undefined variable $fullPath in /var/www/src/public/admin/filemanager/view.php on line 98
[23-Apr-2025 23:08:39 Europe/Minsk] PHP Warning:  Undefined variable $requestedPath in /var/www/src/public/admin/filemanager/view.php on line 99
[23-Apr-2025 23:08:39 Europe/Minsk] PHP Warning:  Undefined variable $requestedPath in /var/www/src/public/admin/filemanager/view.php on line 116
[23-Apr-2025 23:08:39 Europe/Minsk] PHP Deprecated:  urlencode(): Passing null to parameter #1 ($string) of type string is deprecated in /var/www/src/public/admin/filemanager/view.php on line 116
[23-Apr-2025 23:08:39 Europe/Minsk] PHP Warning:  Undefined variable $fullPath in /var/www/src/public/admin/filemanager/view.php on line 98
[23-Apr-2025 23:08:39 Europe/Minsk] PHP Warning:  Undefined variable $requestedPath in /var/www/src/public/admin/filemanager/view.php on line 99
[23-Apr-2025 23:08:39 Europe/Minsk] PHP Warning:  Undefined variable $requestedPath in /var/www/src/public/admin/filemanager/view.php on line 116
[23-Apr-2025 23:08:39 Europe/Minsk] PHP Deprecated:  urlencode(): Passing null to parameter #1 ($string) of type string is deprecated in /var/www/src/public/admin/filemanager/view.php on line 116
[23-Apr-2025 23:08:39 Europe/Minsk] PHP Warning:  Undefined variable $fullPath in /var/www/src/public/admin/filemanager/view.php on line 98
[23-Apr-2025 23:08:39 Europe/Minsk] PHP Warning:  Undefined variable $requestedPath in /var/www/src/public/admin/filemanager/view.php on line 99
[23-Apr-2025 23:08:39 Europe/Minsk] PHP Warning:  Undefined variable $requestedPath in /var/www/src/public/admin/filemanager/view.php on line 116
[23-Apr-2025 23:08:39 Europe/Minsk] PHP Deprecated:  urlencode(): Passing null to parameter #1 ($string) of type string is deprecated in /var/www/src/public/admin/filemanager/view.php on line 116
[23-Apr-2025 23:08:39 Europe/Minsk] PHP Warning:  Undefined variable $fullPath in /var/www/src/public/admin/filemanager/view.php on line 98
[23-Apr-2025 23:08:39 Europe/Minsk] PHP Warning:  Undefined variable $requestedPath in /var/www/src/public/admin/filemanager/view.php on line 99
[23-Apr-2025 23:08:39 Europe/Minsk] PHP Warning:  Undefined variable $requestedPath in /var/www/src/public/admin/filemanager/view.php on line 116
[23-Apr-2025 23:08:39 Europe/Minsk] PHP Deprecated:  urlencode(): Passing null to parameter #1 ($string) of type string is deprecated in /var/www/src/public/admin/filemanager/view.php on line 116
[23-Apr-2025 23:08:39 Europe/Minsk] PHP Warning:  Undefined variable $fullPath in /var/www/src/public/admin/filemanager/view.php on line 98
[23-Apr-2025 23:08:39 Europe/Minsk] PHP Warning:  Undefined variable $requestedPath in /var/www/src/public/admin/filemanager/view.php on line 99
[23-Apr-2025 23:08:39 Europe/Minsk] PHP Warning:  Undefined variable $requestedPath in /var/www/src/public/admin/filemanager/view.php on line 116
[23-Apr-2025 23:08:39 Europe/Minsk] PHP Deprecated:  urlencode(): Passing null to parameter #1 ($string) of type string is deprecated in /var/www/src/public/admin/filemanager/view.php on line 116
[23-Apr-2025 23:08:39 Europe/Minsk] PHP Warning:  Undefined variable $fullPath in /var/www/src/public/admin/filemanager/view.php on line 98
[23-Apr-2025 23:08:39 Europe/Minsk] PHP Warning:  Undefined variable $requestedPath in /var/www/src/public/admin/filemanager/view.php on line 99
[23-Apr-2025 23:08:39 Europe/Minsk] PHP Warning:  Undefined variable $requestedPath in /var/www/src/public/admin/filemanager/view.php on line 116
[23-Apr-2025 23:08:39 Europe/Minsk] PHP Deprecated:  urlencode(): Passing null to parameter #1 ($string) of type string is deprecated in /var/www/src/public/admin/filemanager/view.php on line 116
[23-Apr-2025 23:11:46 Europe/Minsk] Final URI: /admin
[23-Apr-2025 23:11:46 Europe/Minsk] Trying to route: /admin
[23-Apr-2025 23:11:46 Europe/Minsk] Available routes: Array
(
    [0] => /admin
    [1] => /admin/action
    [2] => /test-auth
    [3] => /
)

[23-Apr-2025 23:11:46 Europe/Minsk] Final URI: /admin
[23-Apr-2025 23:11:52 Europe/Minsk] Final URI: /css
[23-Apr-2025 23:11:52 Europe/Minsk] Trying to route: /css
[23-Apr-2025 23:11:52 Europe/Minsk] Available routes: Array
(
    [0] => /admin
    [1] => /admin/action
    [2] => /test-auth
    [3] => /
)

[23-Apr-2025 23:11:52 Europe/Minsk] Final URI: /css
[23-Apr-2025 23:12:24 Europe/Minsk] Final URI: /admin
[23-Apr-2025 23:12:24 Europe/Minsk] Trying to route: /admin
[23-Apr-2025 23:12:24 Europe/Minsk] Available routes: Array
(
    [0] => /admin
    [1] => /admin/action
    [2] => /test-auth
    [3] => /
)

[23-Apr-2025 23:12:24 Europe/Minsk] Final URI: /admin
[23-Apr-2025 23:12:46 Europe/Minsk] Final URI: /admin
[23-Apr-2025 23:12:46 Europe/Minsk] Trying to route: /admin
[23-Apr-2025 23:12:46 Europe/Minsk] Available routes: Array
(
    [0] => /admin
    [1] => /admin/action
    [2] => /test-auth
    [3] => /
)

[23-Apr-2025 23:12:46 Europe/Minsk] Final URI: /admin
[23-Apr-2025 23:13:07 Europe/Minsk] Final URI: /js
[23-Apr-2025 23:13:07 Europe/Minsk] Trying to route: /js
[23-Apr-2025 23:13:07 Europe/Minsk] Available routes: Array
(
    [0] => /admin
    [1] => /admin/action
    [2] => /test-auth
    [3] => /
)

[23-Apr-2025 23:13:07 Europe/Minsk] Final URI: /js
[23-Apr-2025 23:13:11 Europe/Minsk] Final URI: /admin
[23-Apr-2025 23:13:11 Europe/Minsk] Trying to route: /admin
[23-Apr-2025 23:13:11 Europe/Minsk] Available routes: Array
(
    [0] => /admin
    [1] => /admin/action
    [2] => /test-auth
    [3] => /
)

[23-Apr-2025 23:13:11 Europe/Minsk] Final URI: /admin
[23-Apr-2025 23:13:15 Europe/Minsk] Final URI: /admin
[23-Apr-2025 23:13:15 Europe/Minsk] Trying to route: /admin
[23-Apr-2025 23:13:15 Europe/Minsk] Available routes: Array
(
    [0] => /admin
    [1] => /admin/action
    [2] => /test-auth
    [3] => /
)

[23-Apr-2025 23:13:15 Europe/Minsk] Final URI: /admin
[23-Apr-2025 23:14:09 Europe/Minsk] Final URI: /admin
[23-Apr-2025 23:14:09 Europe/Minsk] Trying to route: /admin
[23-Apr-2025 23:14:09 Europe/Minsk] Available routes: Array
(
    [0] => /admin
    [1] => /admin/action
    [2] => /test-auth
    [3] => /
)

[23-Apr-2025 23:14:09 Europe/Minsk] Final URI: /admin
[23-Apr-2025 23:14:09 Europe/Minsk] Allowed directories: Array
(
    [0] => /var/www/src/public/css
    [1] => /var/www/src/public/js
    [2] => /var/www/src/public/html
    [3] => /var/www/src/public/img
    [4] => /var/www/src/public/.
)

[23-Apr-2025 23:14:09 Europe/Minsk] Final URI: /admin
[23-Apr-2025 23:14:09 Europe/Minsk] Trying to route: /admin
[23-Apr-2025 23:14:09 Europe/Minsk] Available routes: Array
(
    [0] => /admin
    [1] => /admin/action
    [2] => /test-auth
    [3] => /
)

[23-Apr-2025 23:14:09 Europe/Minsk] Final URI: /admin
[23-Apr-2025 23:14:09 Europe/Minsk] Allowed directories: Array
(
    [0] => /var/www/src/public/css
    [1] => /var/www/src/public/js
    [2] => /var/www/src/public/html
    [3] => /var/www/src/public/img
    [4] => /var/www/src/public/.
)

[23-Apr-2025 23:14:12 Europe/Minsk] Final URI: /admin
[23-Apr-2025 23:14:12 Europe/Minsk] Trying to route: /admin
[23-Apr-2025 23:14:12 Europe/Minsk] Available routes: Array
(
    [0] => /admin
    [1] => /admin/action
    [2] => /test-auth
    [3] => /
)

[23-Apr-2025 23:14:12 Europe/Minsk] Final URI: /admin
[23-Apr-2025 23:14:12 Europe/Minsk] Allowed directories: Array
(
    [0] => /var/www/src/public/css
    [1] => /var/www/src/public/js
    [2] => /var/www/src/public/html
    [3] => /var/www/src/public/img
    [4] => /var/www/src/public/.
)

[23-Apr-2025 23:14:15 Europe/Minsk] Final URI: /admin
[23-Apr-2025 23:14:15 Europe/Minsk] Trying to route: /admin
[23-Apr-2025 23:14:15 Europe/Minsk] Available routes: Array
(
    [0] => /admin
    [1] => /admin/action
    [2] => /test-auth
    [3] => /
)

[23-Apr-2025 23:14:15 Europe/Minsk] Final URI: /admin
[23-Apr-2025 23:14:15 Europe/Minsk] Allowed directories: Array
(
    [0] => /var/www/src/public/css
    [1] => /var/www/src/public/js
    [2] => /var/www/src/public/html
    [3] => /var/www/src/public/img
    [4] => /var/www/src/public/.
)

[23-Apr-2025 23:14:26 Europe/Minsk] Final URI: /admin
[23-Apr-2025 23:14:26 Europe/Minsk] Trying to route: /admin
[23-Apr-2025 23:14:26 Europe/Minsk] Available routes: Array
(
    [0] => /admin
    [1] => /admin/action
    [2] => /test-auth
    [3] => /
)

[23-Apr-2025 23:14:26 Europe/Minsk] Final URI: /admin
[23-Apr-2025 23:14:26 Europe/Minsk] Allowed directories: Array
(
    [0] => /var/www/src/public/css
    [1] => /var/www/src/public/js
    [2] => /var/www/src/public/html
    [3] => /var/www/src/public/img
    [4] => /var/www/src/public/.
)

[23-Apr-2025 23:14:26 Europe/Minsk] Final URI: /admin
[23-Apr-2025 23:14:26 Europe/Minsk] Trying to route: /admin
[23-Apr-2025 23:14:26 Europe/Minsk] Available routes: Array
(
    [0] => /admin
    [1] => /admin/action
    [2] => /test-auth
    [3] => /
)

[23-Apr-2025 23:14:26 Europe/Minsk] Final URI: /admin
[23-Apr-2025 23:14:26 Europe/Minsk] Allowed directories: Array
(
    [0] => /var/www/src/public/css
    [1] => /var/www/src/public/js
    [2] => /var/www/src/public/html
    [3] => /var/www/src/public/img
    [4] => /var/www/src/public/.
)

[23-Apr-2025 23:14:28 Europe/Minsk] Final URI: /admin
[23-Apr-2025 23:14:28 Europe/Minsk] Trying to route: /admin
[23-Apr-2025 23:14:28 Europe/Minsk] Available routes: Array
(
    [0] => /admin
    [1] => /admin/action
    [2] => /test-auth
    [3] => /
)

[23-Apr-2025 23:14:28 Europe/Minsk] Final URI: /admin
[23-Apr-2025 23:14:28 Europe/Minsk] Allowed directories: Array
(
    [0] => /var/www/src/public/css
    [1] => /var/www/src/public/js
    [2] => /var/www/src/public/html
    [3] => /var/www/src/public/img
    [4] => /var/www/src/public/.
)

[23-Apr-2025 23:14:33 Europe/Minsk] Final URI: /admin
[23-Apr-2025 23:14:33 Europe/Minsk] Trying to route: /admin
[23-Apr-2025 23:14:33 Europe/Minsk] Available routes: Array
(
    [0] => /admin
    [1] => /admin/action
    [2] => /test-auth
    [3] => /
)

[23-Apr-2025 23:14:33 Europe/Minsk] Final URI: /admin
[23-Apr-2025 23:14:33 Europe/Minsk] Allowed directories: Array
(
    [0] => /var/www/src/public/css
    [1] => /var/www/src/public/js
    [2] => /var/www/src/public/html
    [3] => /var/www/src/public/img
    [4] => /var/www/src/public/.
)

[23-Apr-2025 23:14:33 Europe/Minsk] Final URI: /admin
[23-Apr-2025 23:14:33 Europe/Minsk] Trying to route: /admin
[23-Apr-2025 23:14:33 Europe/Minsk] Available routes: Array
(
    [0] => /admin
    [1] => /admin/action
    [2] => /test-auth
    [3] => /
)

[23-Apr-2025 23:14:33 Europe/Minsk] Final URI: /admin
[23-Apr-2025 23:14:33 Europe/Minsk] Allowed directories: Array
(
    [0] => /var/www/src/public/css
    [1] => /var/www/src/public/js
    [2] => /var/www/src/public/html
    [3] => /var/www/src/public/img
    [4] => /var/www/src/public/.
)

[23-Apr-2025 23:14:37 Europe/Minsk] Final URI: /admin
[23-Apr-2025 23:14:37 Europe/Minsk] Trying to route: /admin
[23-Apr-2025 23:14:37 Europe/Minsk] Available routes: Array
(
    [0] => /admin
    [1] => /admin/action
    [2] => /test-auth
    [3] => /
)

[23-Apr-2025 23:14:37 Europe/Minsk] Final URI: /admin
[23-Apr-2025 23:14:37 Europe/Minsk] Allowed directories: Array
(
    [0] => /var/www/src/public/css
    [1] => /var/www/src/public/js
    [2] => /var/www/src/public/html
    [3] => /var/www/src/public/img
    [4] => /var/www/src/public/.
)

[23-Apr-2025 23:14:37 Europe/Minsk] Final URI: /admin
[23-Apr-2025 23:14:37 Europe/Minsk] Trying to route: /admin
[23-Apr-2025 23:14:37 Europe/Minsk] Available routes: Array
(
    [0] => /admin
    [1] => /admin/action
    [2] => /test-auth
    [3] => /
)

[23-Apr-2025 23:14:37 Europe/Minsk] Final URI: /admin
[23-Apr-2025 23:14:37 Europe/Minsk] Allowed directories: Array
(
    [0] => /var/www/src/public/css
    [1] => /var/www/src/public/js
    [2] => /var/www/src/public/html
    [3] => /var/www/src/public/img
    [4] => /var/www/src/public/.
)

[23-Apr-2025 23:14:46 Europe/Minsk] Final URI: /
[23-Apr-2025 23:14:46 Europe/Minsk] Trying to route: /
[23-Apr-2025 23:14:46 Europe/Minsk] Available routes: Array
(
    [0] => /admin
    [1] => /admin/action
    [2] => /test-auth
    [3] => /
)

[23-Apr-2025 23:14:46 Europe/Minsk] Final URI: /
[23-Apr-2025 23:14:50 Europe/Minsk] Final URI: /admin
[23-Apr-2025 23:14:50 Europe/Minsk] Trying to route: /admin
[23-Apr-2025 23:14:50 Europe/Minsk] Available routes: Array
(
    [0] => /admin
    [1] => /admin/action
    [2] => /test-auth
    [3] => /
)

[23-Apr-2025 23:14:50 Europe/Minsk] Final URI: /admin
[23-Apr-2025 23:14:50 Europe/Minsk] Allowed directories: Array
(
    [0] => /var/www/src/public/css
    [1] => /var/www/src/public/js
    [2] => /var/www/src/public/html
    [3] => /var/www/src/public/img
    [4] => /var/www/src/public/.
)

[23-Apr-2025 23:15:10 Europe/Minsk] Final URI: /admin
[23-Apr-2025 23:15:10 Europe/Minsk] Trying to route: /admin
[23-Apr-2025 23:15:10 Europe/Minsk] Available routes: Array
(
    [0] => /admin
    [1] => /admin/action
    [2] => /test-auth
    [3] => /
)

[23-Apr-2025 23:15:10 Europe/Minsk] Final URI: /admin
[23-Apr-2025 23:15:10 Europe/Minsk] Allowed directories: Array
(
    [0] => /var/www/src/public/css
    [1] => /var/www/src/public/js
    [2] => /var/www/src/public/html
    [3] => /var/www/src/public/img
    [4] => /var/www/src/public/.
)

[23-Apr-2025 23:16:54 Europe/Minsk] Final URI: /фвьшт
[23-Apr-2025 23:16:54 Europe/Minsk] Trying to route: /фвьшт
[23-Apr-2025 23:16:54 Europe/Minsk] Available routes: Array
(
    [0] => /admin
    [1] => /admin/action
    [2] => /test-auth
    [3] => /
)

[23-Apr-2025 23:16:54 Europe/Minsk] Final URI: /фвьшт
[23-Apr-2025 23:16:54 Europe/Minsk] Final URI: /favicon.ico
[23-Apr-2025 23:16:54 Europe/Minsk] Trying to route: /favicon.ico
[23-Apr-2025 23:16:54 Europe/Minsk] Available routes: Array
(
    [0] => /admin
    [1] => /admin/action
    [2] => /test-auth
    [3] => /
)

[23-Apr-2025 23:16:54 Europe/Minsk] Final URI: /favicon.ico
[23-Apr-2025 23:17:04 Europe/Minsk] Final URI: /admin
[23-Apr-2025 23:17:04 Europe/Minsk] Trying to route: /admin
[23-Apr-2025 23:17:04 Europe/Minsk] Available routes: Array
(
    [0] => /admin
    [1] => /admin/action
    [2] => /test-auth
    [3] => /
)

[23-Apr-2025 23:17:04 Europe/Minsk] Final URI: /admin
[23-Apr-2025 23:17:04 Europe/Minsk] Allowed directories: Array
(
    [0] => /var/www/src/public/css
    [1] => /var/www/src/public/js
    [2] => /var/www/src/public/html
    [3] => /var/www/src/public/img
    [4] => /var/www/src/public/.
)

[23-Apr-2025 23:19:27 Europe/Minsk] Final URI: /admin
[23-Apr-2025 23:19:27 Europe/Minsk] Trying to route: /admin
[23-Apr-2025 23:19:27 Europe/Minsk] Available routes: Array
(
    [0] => /admin
    [1] => /admin/action
    [2] => /test-auth
    [3] => /
)

[23-Apr-2025 23:19:27 Europe/Minsk] Final URI: /admin
[23-Apr-2025 23:19:27 Europe/Minsk] Allowed directories: Array
(
    [0] => /var/www/src/public/css
    [1] => /var/www/src/public/js
    [2] => /var/www/src/public/html
    [3] => /var/www/src/public/img
    [4] => /var/www/src/public/.
)

[23-Apr-2025 23:23:33 Europe/Minsk] Final URI: /admin
[23-Apr-2025 23:23:33 Europe/Minsk] Trying to route: /admin
[23-Apr-2025 23:23:33 Europe/Minsk] Available routes: Array
(
    [0] => /admin
    [1] => /admin/action
    [2] => /test-auth
    [3] => /
)

[23-Apr-2025 23:23:33 Europe/Minsk] Final URI: /admin
[23-Apr-2025 23:23:33 Europe/Minsk] Allowed directories: Array
(
    [0] => /var/www/src/public/css
    [1] => /var/www/src/public/js
    [2] => /var/www/src/public/html
    [3] => /var/www/src/public/img
    [4] => /var/www/src/public/.
)

[23-Apr-2025 23:23:37 Europe/Minsk] Final URI: /admin
[23-Apr-2025 23:23:37 Europe/Minsk] Trying to route: /admin
[23-Apr-2025 23:23:37 Europe/Minsk] Available routes: Array
(
    [0] => /admin
    [1] => /admin/action
    [2] => /test-auth
    [3] => /
)

[23-Apr-2025 23:23:37 Europe/Minsk] Final URI: /admin
[23-Apr-2025 23:23:37 Europe/Minsk] Allowed directories: Array
(
    [0] => /var/www/src/public/css
    [1] => /var/www/src/public/js
    [2] => /var/www/src/public/html
    [3] => /var/www/src/public/img
    [4] => /var/www/src/public/.
)

[23-Apr-2025 23:23:38 Europe/Minsk] Final URI: /admin/.htaccess
[23-Apr-2025 23:23:38 Europe/Minsk] Trying to route: /admin/.htaccess
[23-Apr-2025 23:23:38 Europe/Minsk] Available routes: Array
(
    [0] => /admin
    [1] => /admin/action
    [2] => /test-auth
    [3] => /
)

[23-Apr-2025 23:23:38 Europe/Minsk] Final URI: /admin/.htaccess
[23-Apr-2025 23:23:44 Europe/Minsk] Final URI: /admin
[23-Apr-2025 23:23:44 Europe/Minsk] Trying to route: /admin
[23-Apr-2025 23:23:44 Europe/Minsk] Available routes: Array
(
    [0] => /admin
    [1] => /admin/action
    [2] => /test-auth
    [3] => /
)

[23-Apr-2025 23:23:44 Europe/Minsk] Final URI: /admin
[23-Apr-2025 23:23:44 Europe/Minsk] Allowed directories: Array
(
    [0] => /var/www/src/public/css
    [1] => /var/www/src/public/js
    [2] => /var/www/src/public/html
    [3] => /var/www/src/public/img
    [4] => /var/www/src/public/.
)

[23-Apr-2025 23:23:46 Europe/Minsk] Final URI: /admin/filemanager/view.php
[23-Apr-2025 23:23:46 Europe/Minsk] Trying to route: /admin/filemanager/view.php
[23-Apr-2025 23:23:46 Europe/Minsk] Available routes: Array
(
    [0] => /admin
    [1] => /admin/action
    [2] => /test-auth
    [3] => /
)

[23-Apr-2025 23:23:46 Europe/Minsk] Final URI: /admin/filemanager/view.php
[23-Apr-2025 23:24:58 Europe/Minsk] Final URI: /admin
[23-Apr-2025 23:24:58 Europe/Minsk] Trying to route: /admin
[23-Apr-2025 23:24:58 Europe/Minsk] Available routes: Array
(
    [0] => /admin
    [1] => /admin/action
    [2] => /test-auth
    [3] => /
)

[23-Apr-2025 23:24:58 Europe/Minsk] Final URI: /admin
[23-Apr-2025 23:24:58 Europe/Minsk] Allowed directories: Array
(
    [0] => /var/www/src/public/css
    [1] => /var/www/src/public/js
    [2] => /var/www/src/public/html
    [3] => /var/www/src/public/img
    [4] => /var/www/src/public/.
)

[23-Apr-2025 23:25:04 Europe/Minsk] Final URI: /admin
[23-Apr-2025 23:25:04 Europe/Minsk] Trying to route: /admin
[23-Apr-2025 23:25:04 Europe/Minsk] Available routes: Array
(
    [0] => /admin
    [1] => /admin/action
    [2] => /test-auth
    [3] => /
)

[23-Apr-2025 23:25:04 Europe/Minsk] Final URI: /admin
[23-Apr-2025 23:25:04 Europe/Minsk] Allowed directories: Array
(
    [0] => /var/www/src/public/css
    [1] => /var/www/src/public/js
    [2] => /var/www/src/public/html
    [3] => /var/www/src/public/img
    [4] => /var/www/src/public/.
)

[23-Apr-2025 23:25:05 Europe/Minsk] Final URI: /admin
[23-Apr-2025 23:25:05 Europe/Minsk] Trying to route: /admin
[23-Apr-2025 23:25:05 Europe/Minsk] Available routes: Array
(
    [0] => /admin
    [1] => /admin/action
    [2] => /test-auth
    [3] => /
)

[23-Apr-2025 23:25:05 Europe/Minsk] Final URI: /admin
[23-Apr-2025 23:25:05 Europe/Minsk] Allowed directories: Array
(
    [0] => /var/www/src/public/css
    [1] => /var/www/src/public/js
    [2] => /var/www/src/public/html
    [3] => /var/www/src/public/img
    [4] => /var/www/src/public/.
)

[23-Apr-2025 23:25:07 Europe/Minsk] Final URI: /admin
[23-Apr-2025 23:25:07 Europe/Minsk] Trying to route: /admin
[23-Apr-2025 23:25:07 Europe/Minsk] Available routes: Array
(
    [0] => /admin
    [1] => /admin/action
    [2] => /test-auth
    [3] => /
)

[23-Apr-2025 23:25:07 Europe/Minsk] Final URI: /admin
[23-Apr-2025 23:25:07 Europe/Minsk] Allowed directories: Array
(
    [0] => /var/www/src/public/css
    [1] => /var/www/src/public/js
    [2] => /var/www/src/public/html
    [3] => /var/www/src/public/img
    [4] => /var/www/src/public/.
)

[23-Apr-2025 23:25:10 Europe/Minsk] Final URI: /admin
[23-Apr-2025 23:25:10 Europe/Minsk] Trying to route: /admin
[23-Apr-2025 23:25:10 Europe/Minsk] Available routes: Array
(
    [0] => /admin
    [1] => /admin/action
    [2] => /test-auth
    [3] => /
)

[23-Apr-2025 23:25:10 Europe/Minsk] Final URI: /admin
[23-Apr-2025 23:25:10 Europe/Minsk] Allowed directories: Array
(
    [0] => /var/www/src/public/css
    [1] => /var/www/src/public/js
    [2] => /var/www/src/public/html
    [3] => /var/www/src/public/img
    [4] => /var/www/src/public/.
)

[23-Apr-2025 23:25:12 Europe/Minsk] Final URI: /views/index.html
[23-Apr-2025 23:25:12 Europe/Minsk] Trying to route: /views/index.html
[23-Apr-2025 23:25:12 Europe/Minsk] Available routes: Array
(
    [0] => /admin
    [1] => /admin/action
    [2] => /test-auth
    [3] => /
)

[23-Apr-2025 23:25:12 Europe/Minsk] Final URI: /views/index.html
[23-Apr-2025 23:25:18 Europe/Minsk] Final URI: /admin
[23-Apr-2025 23:25:18 Europe/Minsk] Trying to route: /admin
[23-Apr-2025 23:25:18 Europe/Minsk] Available routes: Array
(
    [0] => /admin
    [1] => /admin/action
    [2] => /test-auth
    [3] => /
)

[23-Apr-2025 23:25:18 Europe/Minsk] Final URI: /admin
[23-Apr-2025 23:25:18 Europe/Minsk] Allowed directories: Array
(
    [0] => /var/www/src/public/css
    [1] => /var/www/src/public/js
    [2] => /var/www/src/public/html
    [3] => /var/www/src/public/img
    [4] => /var/www/src/public/.
)

[23-Apr-2025 23:25:25 Europe/Minsk] Final URI: /admin
[23-Apr-2025 23:25:25 Europe/Minsk] Trying to route: /admin
[23-Apr-2025 23:25:25 Europe/Minsk] Available routes: Array
(
    [0] => /admin
    [1] => /admin/action
    [2] => /test-auth
    [3] => /
)

[23-Apr-2025 23:25:25 Europe/Minsk] Final URI: /admin
[23-Apr-2025 23:25:25 Europe/Minsk] Allowed directories: Array
(
    [0] => /var/www/src/public/css
    [1] => /var/www/src/public/js
    [2] => /var/www/src/public/html
    [3] => /var/www/src/public/img
    [4] => /var/www/src/public/.
)

[23-Apr-2025 23:25:25 Europe/Minsk] Final URI: /admin
[23-Apr-2025 23:25:25 Europe/Minsk] Trying to route: /admin
[23-Apr-2025 23:25:25 Europe/Minsk] Available routes: Array
(
    [0] => /admin
    [1] => /admin/action
    [2] => /test-auth
    [3] => /
)

[23-Apr-2025 23:25:25 Europe/Minsk] Final URI: /admin
[23-Apr-2025 23:25:25 Europe/Minsk] Allowed directories: Array
(
    [0] => /var/www/src/public/css
    [1] => /var/www/src/public/js
    [2] => /var/www/src/public/html
    [3] => /var/www/src/public/img
    [4] => /var/www/src/public/.
)

[23-Apr-2025 23:25:29 Europe/Minsk] Final URI: /admin
[23-Apr-2025 23:25:29 Europe/Minsk] Trying to route: /admin
[23-Apr-2025 23:25:29 Europe/Minsk] Available routes: Array
(
    [0] => /admin
    [1] => /admin/action
    [2] => /test-auth
    [3] => /
)

[23-Apr-2025 23:25:29 Europe/Minsk] Final URI: /admin
[23-Apr-2025 23:25:29 Europe/Minsk] Allowed directories: Array
(
    [0] => /var/www/src/public/css
    [1] => /var/www/src/public/js
    [2] => /var/www/src/public/html
    [3] => /var/www/src/public/img
    [4] => /var/www/src/public/.
)

[23-Apr-2025 23:25:35 Europe/Minsk] Final URI: /admin
[23-Apr-2025 23:25:35 Europe/Minsk] Trying to route: /admin
[23-Apr-2025 23:25:35 Europe/Minsk] Available routes: Array
(
    [0] => /admin
    [1] => /admin/action
    [2] => /test-auth
    [3] => /
)

[23-Apr-2025 23:25:35 Europe/Minsk] Final URI: /admin
[23-Apr-2025 23:25:35 Europe/Minsk] Allowed directories: Array
(
    [0] => /var/www/src/public/css
    [1] => /var/www/src/public/js
    [2] => /var/www/src/public/html
    [3] => /var/www/src/public/img
    [4] => /var/www/src/public/.
)

[23-Apr-2025 23:25:35 Europe/Minsk] Final URI: /admin
[23-Apr-2025 23:25:35 Europe/Minsk] Trying to route: /admin
[23-Apr-2025 23:25:35 Europe/Minsk] Available routes: Array
(
    [0] => /admin
    [1] => /admin/action
    [2] => /test-auth
    [3] => /
)

[23-Apr-2025 23:25:35 Europe/Minsk] Final URI: /admin
[23-Apr-2025 23:25:35 Europe/Minsk] Allowed directories: Array
(
    [0] => /var/www/src/public/css
    [1] => /var/www/src/public/js
    [2] => /var/www/src/public/html
    [3] => /var/www/src/public/img
    [4] => /var/www/src/public/.
)

[23-Apr-2025 23:25:39 Europe/Minsk] Final URI: /admin
[23-Apr-2025 23:25:39 Europe/Minsk] Trying to route: /admin
[23-Apr-2025 23:25:39 Europe/Minsk] Available routes: Array
(
    [0] => /admin
    [1] => /admin/action
    [2] => /test-auth
    [3] => /
)

[23-Apr-2025 23:25:39 Europe/Minsk] Final URI: /admin
[23-Apr-2025 23:25:39 Europe/Minsk] Allowed directories: Array
(
    [0] => /var/www/src/public/css
    [1] => /var/www/src/public/js
    [2] => /var/www/src/public/html
    [3] => /var/www/src/public/img
    [4] => /var/www/src/public/.
)

[23-Apr-2025 23:25:39 Europe/Minsk] Final URI: /admin
[23-Apr-2025 23:25:39 Europe/Minsk] Trying to route: /admin
[23-Apr-2025 23:25:39 Europe/Minsk] Available routes: Array
(
    [0] => /admin
    [1] => /admin/action
    [2] => /test-auth
    [3] => /
)

[23-Apr-2025 23:25:39 Europe/Minsk] Final URI: /admin
[23-Apr-2025 23:25:39 Europe/Minsk] Allowed directories: Array
(
    [0] => /var/www/src/public/css
    [1] => /var/www/src/public/js
    [2] => /var/www/src/public/html
    [3] => /var/www/src/public/img
    [4] => /var/www/src/public/.
)

[23-Apr-2025 23:36:09 Europe/Minsk] Final URI: /admin
[23-Apr-2025 23:36:09 Europe/Minsk] Trying to route: /admin
[23-Apr-2025 23:36:09 Europe/Minsk] Available routes: Array
(
    [0] => /admin
    [1] => /admin/action
    [2] => /test-auth
    [3] => /
)

[23-Apr-2025 23:36:09 Europe/Minsk] Final URI: /admin
[23-Apr-2025 23:36:09 Europe/Minsk] Allowed directories: Array
(
    [0] => /var/www/src/public/css
    [1] => /var/www/src/public/js
    [2] => /var/www/src/public/html
    [3] => /var/www/src/public/img
    [4] => /var/www/src/public/.
)

[23-Apr-2025 23:36:10 Europe/Minsk] Final URI: /favicon.ico
[23-Apr-2025 23:36:10 Europe/Minsk] Trying to route: /favicon.ico
[23-Apr-2025 23:36:10 Europe/Minsk] Available routes: Array
(
    [0] => /admin
    [1] => /admin/action
    [2] => /test-auth
    [3] => /
)

[23-Apr-2025 23:36:10 Europe/Minsk] Final URI: /favicon.ico
[24-Apr-2025 09:02:42 Europe/Minsk] Final URI: /admin
[24-Apr-2025 09:02:42 Europe/Minsk] Trying to route: /admin
[24-Apr-2025 09:02:42 Europe/Minsk] Available routes: Array
(
    [0] => /admin
    [1] => /admin/action
    [2] => /test-auth
    [3] => /
)

[24-Apr-2025 09:02:42 Europe/Minsk] Final URI: /admin
[24-Apr-2025 09:02:42 Europe/Minsk] Allowed directories: Array
(
    [0] => /var/www/src/public/css
    [1] => /var/www/src/public/js
    [2] => /var/www/src/public/html
    [3] => /var/www/src/public/img
    [4] => /var/www/src/public/.
)

[24-Apr-2025 09:03:06 Europe/Minsk] Final URI: /admin
[24-Apr-2025 09:03:06 Europe/Minsk] Trying to route: /admin
[24-Apr-2025 09:03:06 Europe/Minsk] Available routes: Array
(
    [0] => /admin
    [1] => /admin/action
    [2] => /test-auth
    [3] => /
)

[24-Apr-2025 09:03:06 Europe/Minsk] Final URI: /admin
[24-Apr-2025 09:03:06 Europe/Minsk] Allowed directories: Array
(
    [0] => /var/www/src/public/css
    [1] => /var/www/src/public/js
    [2] => /var/www/src/public/html
    [3] => /var/www/src/public/img
    [4] => /var/www/src/public/.
)

[24-Apr-2025 09:03:06 Europe/Minsk] Final URI: /admin
[24-Apr-2025 09:03:06 Europe/Minsk] Trying to route: /admin
[24-Apr-2025 09:03:06 Europe/Minsk] Available routes: Array
(
    [0] => /admin
    [1] => /admin/action
    [2] => /test-auth
    [3] => /
)

[24-Apr-2025 09:03:06 Europe/Minsk] Final URI: /admin
[24-Apr-2025 09:03:06 Europe/Minsk] Allowed directories: Array
(
    [0] => /var/www/src/public/css
    [1] => /var/www/src/public/js
    [2] => /var/www/src/public/html
    [3] => /var/www/src/public/img
    [4] => /var/www/src/public/.
)

[24-Apr-2025 09:03:08 Europe/Minsk] Final URI: /admin
[24-Apr-2025 09:03:08 Europe/Minsk] Trying to route: /admin
[24-Apr-2025 09:03:08 Europe/Minsk] Available routes: Array
(
    [0] => /admin
    [1] => /admin/action
    [2] => /test-auth
    [3] => /
)

[24-Apr-2025 09:03:08 Europe/Minsk] Final URI: /admin
[24-Apr-2025 09:03:08 Europe/Minsk] Allowed directories: Array
(
    [0] => /var/www/src/public/css
    [1] => /var/www/src/public/js
    [2] => /var/www/src/public/html
    [3] => /var/www/src/public/img
    [4] => /var/www/src/public/.
)

[24-Apr-2025 09:03:21 Europe/Minsk] Final URI: /admin
[24-Apr-2025 09:03:21 Europe/Minsk] Trying to route: /admin
[24-Apr-2025 09:03:21 Europe/Minsk] Available routes: Array
(
    [0] => /admin
    [1] => /admin/action
    [2] => /test-auth
    [3] => /
)

[24-Apr-2025 09:03:21 Europe/Minsk] Final URI: /admin
[24-Apr-2025 09:03:21 Europe/Minsk] Allowed directories: Array
(
    [0] => /var/www/src/public/css
    [1] => /var/www/src/public/js
    [2] => /var/www/src/public/html
    [3] => /var/www/src/public/img
    [4] => /var/www/src/public/.
)

[24-Apr-2025 09:03:21 Europe/Minsk] Final URI: /admin
[24-Apr-2025 09:03:21 Europe/Minsk] Trying to route: /admin
[24-Apr-2025 09:03:21 Europe/Minsk] Available routes: Array
(
    [0] => /admin
    [1] => /admin/action
    [2] => /test-auth
    [3] => /
)

[24-Apr-2025 09:03:21 Europe/Minsk] Final URI: /admin
[24-Apr-2025 09:03:21 Europe/Minsk] Allowed directories: Array
(
    [0] => /var/www/src/public/css
    [1] => /var/www/src/public/js
    [2] => /var/www/src/public/html
    [3] => /var/www/src/public/img
    [4] => /var/www/src/public/.
)

[24-Apr-2025 09:03:26 Europe/Minsk] Final URI: /admin
[24-Apr-2025 09:03:26 Europe/Minsk] Trying to route: /admin
[24-Apr-2025 09:03:26 Europe/Minsk] Available routes: Array
(
    [0] => /admin
    [1] => /admin/action
    [2] => /test-auth
    [3] => /
)

[24-Apr-2025 09:03:26 Europe/Minsk] Final URI: /admin
[24-Apr-2025 09:03:26 Europe/Minsk] Allowed directories: Array
(
    [0] => /var/www/src/public/css
    [1] => /var/www/src/public/js
    [2] => /var/www/src/public/html
    [3] => /var/www/src/public/img
    [4] => /var/www/src/public/.
)

[24-Apr-2025 09:03:26 Europe/Minsk] Final URI: /admin
[24-Apr-2025 09:03:26 Europe/Minsk] Trying to route: /admin
[24-Apr-2025 09:03:26 Europe/Minsk] Available routes: Array
(
    [0] => /admin
    [1] => /admin/action
    [2] => /test-auth
    [3] => /
)

[24-Apr-2025 09:03:26 Europe/Minsk] Final URI: /admin
[24-Apr-2025 09:03:26 Europe/Minsk] Allowed directories: Array
(
    [0] => /var/www/src/public/css
    [1] => /var/www/src/public/js
    [2] => /var/www/src/public/html
    [3] => /var/www/src/public/img
    [4] => /var/www/src/public/.
)

[24-Apr-2025 09:03:28 Europe/Minsk] Final URI: /admin
[24-Apr-2025 09:03:28 Europe/Minsk] Trying to route: /admin
[24-Apr-2025 09:03:28 Europe/Minsk] Available routes: Array
(
    [0] => /admin
    [1] => /admin/action
    [2] => /test-auth
    [3] => /
)

[24-Apr-2025 09:03:28 Europe/Minsk] Final URI: /admin
[24-Apr-2025 09:03:28 Europe/Minsk] Allowed directories: Array
(
    [0] => /var/www/src/public/css
    [1] => /var/www/src/public/js
    [2] => /var/www/src/public/html
    [3] => /var/www/src/public/img
    [4] => /var/www/src/public/.
)

[24-Apr-2025 09:03:29 Europe/Minsk] Final URI: /views/index.html
[24-Apr-2025 09:03:29 Europe/Minsk] Trying to route: /views/index.html
[24-Apr-2025 09:03:29 Europe/Minsk] Available routes: Array
(
    [0] => /admin
    [1] => /admin/action
    [2] => /test-auth
    [3] => /
)

[24-Apr-2025 09:03:29 Europe/Minsk] Final URI: /views/index.html
[24-Apr-2025 09:03:56 Europe/Minsk] Final URI: /admin
[24-Apr-2025 09:03:56 Europe/Minsk] Trying to route: /admin
[24-Apr-2025 09:03:56 Europe/Minsk] Available routes: Array
(
    [0] => /admin
    [1] => /admin/action
    [2] => /test-auth
    [3] => /
)

[24-Apr-2025 09:03:56 Europe/Minsk] Final URI: /admin
[24-Apr-2025 09:03:56 Europe/Minsk] Allowed directories: Array
(
    [0] => /var/www/src/public/css
    [1] => /var/www/src/public/js
    [2] => /var/www/src/public/html
    [3] => /var/www/src/public/img
    [4] => /var/www/src/public/.
)

[24-Apr-2025 09:07:23 Europe/Minsk] Final URI: /admin
[24-Apr-2025 09:07:23 Europe/Minsk] Trying to route: /admin
[24-Apr-2025 09:07:23 Europe/Minsk] Available routes: Array
(
    [0] => /admin
    [1] => /admin/action
    [2] => /test-auth
    [3] => /
)

[24-Apr-2025 09:07:23 Europe/Minsk] Final URI: /admin
[24-Apr-2025 09:07:23 Europe/Minsk] Allowed directories: Array
(
    [0] => /var/www/src/public/css
    [1] => /var/www/src/public/js
    [2] => /var/www/src/public/html
    [3] => /var/www/src/public/img
    [4] => /var/www/src/public/.
)

[24-Apr-2025 09:07:24 Europe/Minsk] Final URI: /favicon.ico
[24-Apr-2025 09:07:24 Europe/Minsk] Trying to route: /favicon.ico
[24-Apr-2025 09:07:24 Europe/Minsk] Available routes: Array
(
    [0] => /admin
    [1] => /admin/action
    [2] => /test-auth
    [3] => /
)

[24-Apr-2025 09:07:24 Europe/Minsk] Final URI: /favicon.ico
[24-Apr-2025 09:07:27 Europe/Minsk] Final URI: /admin
[24-Apr-2025 09:07:27 Europe/Minsk] Trying to route: /admin
[24-Apr-2025 09:07:27 Europe/Minsk] Available routes: Array
(
    [0] => /admin
    [1] => /admin/action
    [2] => /test-auth
    [3] => /
)

[24-Apr-2025 09:07:27 Europe/Minsk] Final URI: /admin
[24-Apr-2025 09:07:27 Europe/Minsk] Allowed directories: Array
(
    [0] => /var/www/src/public/css
    [1] => /var/www/src/public/js
    [2] => /var/www/src/public/html
    [3] => /var/www/src/public/img
    [4] => /var/www/src/public/.
)

[24-Apr-2025 09:07:28 Europe/Minsk] Final URI: /admin
[24-Apr-2025 09:07:28 Europe/Minsk] Trying to route: /admin
[24-Apr-2025 09:07:28 Europe/Minsk] Available routes: Array
(
    [0] => /admin
    [1] => /admin/action
    [2] => /test-auth
    [3] => /
)

[24-Apr-2025 09:07:28 Europe/Minsk] Final URI: /admin
[24-Apr-2025 09:07:28 Europe/Minsk] Allowed directories: Array
(
    [0] => /var/www/src/public/css
    [1] => /var/www/src/public/js
    [2] => /var/www/src/public/html
    [3] => /var/www/src/public/img
    [4] => /var/www/src/public/.
)

[24-Apr-2025 09:07:29 Europe/Minsk] Final URI: /admin
[24-Apr-2025 09:07:29 Europe/Minsk] Trying to route: /admin
[24-Apr-2025 09:07:29 Europe/Minsk] Available routes: Array
(
    [0] => /admin
    [1] => /admin/action
    [2] => /test-auth
    [3] => /
)

[24-Apr-2025 09:07:29 Europe/Minsk] Final URI: /admin
[24-Apr-2025 09:07:29 Europe/Minsk] Allowed directories: Array
(
    [0] => /var/www/src/public/css
    [1] => /var/www/src/public/js
    [2] => /var/www/src/public/html
    [3] => /var/www/src/public/img
    [4] => /var/www/src/public/.
)

[24-Apr-2025 09:07:33 Europe/Minsk] Final URI: /admin
[24-Apr-2025 09:07:33 Europe/Minsk] Trying to route: /admin
[24-Apr-2025 09:07:33 Europe/Minsk] Available routes: Array
(
    [0] => /admin
    [1] => /admin/action
    [2] => /test-auth
    [3] => /
)

[24-Apr-2025 09:07:33 Europe/Minsk] Final URI: /admin
[24-Apr-2025 09:07:33 Europe/Minsk] Allowed directories: Array
(
    [0] => /var/www/src/public/css
    [1] => /var/www/src/public/js
    [2] => /var/www/src/public/html
    [3] => /var/www/src/public/img
    [4] => /var/www/src/public/.
)

[24-Apr-2025 09:07:42 Europe/Minsk] Final URI: /admin
[24-Apr-2025 09:07:42 Europe/Minsk] Trying to route: /admin
[24-Apr-2025 09:07:42 Europe/Minsk] Available routes: Array
(
    [0] => /admin
    [1] => /admin/action
    [2] => /test-auth
    [3] => /
)

[24-Apr-2025 09:07:42 Europe/Minsk] Final URI: /admin
[24-Apr-2025 09:07:42 Europe/Minsk] Allowed directories: Array
(
    [0] => /var/www/src/public/css
    [1] => /var/www/src/public/js
    [2] => /var/www/src/public/html
    [3] => /var/www/src/public/img
    [4] => /var/www/src/public/.
)

[24-Apr-2025 09:07:42 Europe/Minsk] Final URI: /admin
[24-Apr-2025 09:07:42 Europe/Minsk] Trying to route: /admin
[24-Apr-2025 09:07:42 Europe/Minsk] Available routes: Array
(
    [0] => /admin
    [1] => /admin/action
    [2] => /test-auth
    [3] => /
)

[24-Apr-2025 09:07:42 Europe/Minsk] Final URI: /admin
[24-Apr-2025 09:07:42 Europe/Minsk] Allowed directories: Array
(
    [0] => /var/www/src/public/css
    [1] => /var/www/src/public/js
    [2] => /var/www/src/public/html
    [3] => /var/www/src/public/img
    [4] => /var/www/src/public/.
)

[24-Apr-2025 09:07:44 Europe/Minsk] Final URI: /admin
[24-Apr-2025 09:07:44 Europe/Minsk] Trying to route: /admin
[24-Apr-2025 09:07:44 Europe/Minsk] Available routes: Array
(
    [0] => /admin
    [1] => /admin/action
    [2] => /test-auth
    [3] => /
)

[24-Apr-2025 09:07:44 Europe/Minsk] Final URI: /admin
[24-Apr-2025 09:07:44 Europe/Minsk] Allowed directories: Array
(
    [0] => /var/www/src/public/css
    [1] => /var/www/src/public/js
    [2] => /var/www/src/public/html
    [3] => /var/www/src/public/img
    [4] => /var/www/src/public/.
)

[24-Apr-2025 09:07:54 Europe/Minsk] Final URI: /admin
[24-Apr-2025 09:07:54 Europe/Minsk] Trying to route: /admin
[24-Apr-2025 09:07:54 Europe/Minsk] Available routes: Array
(
    [0] => /admin
    [1] => /admin/action
    [2] => /test-auth
    [3] => /
)

[24-Apr-2025 09:07:54 Europe/Minsk] Final URI: /admin
[24-Apr-2025 09:07:54 Europe/Minsk] Allowed directories: Array
(
    [0] => /var/www/src/public/css
    [1] => /var/www/src/public/js
    [2] => /var/www/src/public/html
    [3] => /var/www/src/public/img
    [4] => /var/www/src/public/.
)

[24-Apr-2025 09:07:54 Europe/Minsk] Final URI: /admin
[24-Apr-2025 09:07:54 Europe/Minsk] Trying to route: /admin
[24-Apr-2025 09:07:54 Europe/Minsk] Available routes: Array
(
    [0] => /admin
    [1] => /admin/action
    [2] => /test-auth
    [3] => /
)

[24-Apr-2025 09:07:54 Europe/Minsk] Final URI: /admin
[24-Apr-2025 09:07:54 Europe/Minsk] Allowed directories: Array
(
    [0] => /var/www/src/public/css
    [1] => /var/www/src/public/js
    [2] => /var/www/src/public/html
    [3] => /var/www/src/public/img
    [4] => /var/www/src/public/.
)

[24-Apr-2025 09:07:55 Europe/Minsk] Final URI: /img/Лабораторная номер 2.pdf
[24-Apr-2025 09:07:55 Europe/Minsk] Trying to route: /img/Лабораторная номер 2.pdf
[24-Apr-2025 09:07:55 Europe/Minsk] Available routes: Array
(
    [0] => /admin
    [1] => /admin/action
    [2] => /test-auth
    [3] => /
)

[24-Apr-2025 09:07:55 Europe/Minsk] Final URI: /img/Лабораторная номер 2.pdf
[24-Apr-2025 09:07:59 Europe/Minsk] Final URI: /admin
[24-Apr-2025 09:07:59 Europe/Minsk] Trying to route: /admin
[24-Apr-2025 09:07:59 Europe/Minsk] Available routes: Array
(
    [0] => /admin
    [1] => /admin/action
    [2] => /test-auth
    [3] => /
)

[24-Apr-2025 09:07:59 Europe/Minsk] Final URI: /admin
[24-Apr-2025 09:07:59 Europe/Minsk] Allowed directories: Array
(
    [0] => /var/www/src/public/css
    [1] => /var/www/src/public/js
    [2] => /var/www/src/public/html
    [3] => /var/www/src/public/img
    [4] => /var/www/src/public/.
)

[24-Apr-2025 09:08:49 Europe/Minsk] Final URI: /admin
[24-Apr-2025 09:08:49 Europe/Minsk] Trying to route: /admin
[24-Apr-2025 09:08:49 Europe/Minsk] Available routes: Array
(
    [0] => /admin
    [1] => /admin/action
    [2] => /test-auth
    [3] => /
)

[24-Apr-2025 09:08:49 Europe/Minsk] Final URI: /admin
[24-Apr-2025 09:08:49 Europe/Minsk] Allowed directories: Array
(
    [0] => /var/www/src/public/css
    [1] => /var/www/src/public/js
    [2] => /var/www/src/public/html
    [3] => /var/www/src/public/img
    [4] => /var/www/src/public/.
)

[24-Apr-2025 09:08:55 Europe/Minsk] Final URI: /admin
[24-Apr-2025 09:08:55 Europe/Minsk] Trying to route: /admin
[24-Apr-2025 09:08:55 Europe/Minsk] Available routes: Array
(
    [0] => /admin
    [1] => /admin/action
    [2] => /test-auth
    [3] => /
)

[24-Apr-2025 09:08:55 Europe/Minsk] Final URI: /admin
[24-Apr-2025 09:08:55 Europe/Minsk] Allowed directories: Array
(
    [0] => /var/www/src/public/css
    [1] => /var/www/src/public/js
    [2] => /var/www/src/public/html
    [3] => /var/www/src/public/img
    [4] => /var/www/src/public/.
)

[24-Apr-2025 09:08:55 Europe/Minsk] Final URI: /admin
[24-Apr-2025 09:08:55 Europe/Minsk] Trying to route: /admin
[24-Apr-2025 09:08:55 Europe/Minsk] Available routes: Array
(
    [0] => /admin
    [1] => /admin/action
    [2] => /test-auth
    [3] => /
)

[24-Apr-2025 09:08:55 Europe/Minsk] Final URI: /admin
[24-Apr-2025 09:08:55 Europe/Minsk] Allowed directories: Array
(
    [0] => /var/www/src/public/css
    [1] => /var/www/src/public/js
    [2] => /var/www/src/public/html
    [3] => /var/www/src/public/img
    [4] => /var/www/src/public/.
)

[24-Apr-2025 09:08:57 Europe/Minsk] Final URI: /admin
[24-Apr-2025 09:08:57 Europe/Minsk] Trying to route: /admin
[24-Apr-2025 09:08:57 Europe/Minsk] Available routes: Array
(
    [0] => /admin
    [1] => /admin/action
    [2] => /test-auth
    [3] => /
)

[24-Apr-2025 09:08:57 Europe/Minsk] Final URI: /admin
[24-Apr-2025 09:08:57 Europe/Minsk] Allowed directories: Array
(
    [0] => /var/www/src/public/css
    [1] => /var/www/src/public/js
    [2] => /var/www/src/public/html
    [3] => /var/www/src/public/img
    [4] => /var/www/src/public/.
)

[24-Apr-2025 09:09:01 Europe/Minsk] Final URI: /admin
[24-Apr-2025 09:09:01 Europe/Minsk] Trying to route: /admin
[24-Apr-2025 09:09:01 Europe/Minsk] Available routes: Array
(
    [0] => /admin
    [1] => /admin/action
    [2] => /test-auth
    [3] => /
)

[24-Apr-2025 09:09:01 Europe/Minsk] Final URI: /admin
[24-Apr-2025 09:09:01 Europe/Minsk] Allowed directories: Array
(
    [0] => /var/www/src/public/css
    [1] => /var/www/src/public/js
    [2] => /var/www/src/public/html
    [3] => /var/www/src/public/img
    [4] => /var/www/src/public/.
)

[24-Apr-2025 09:09:01 Europe/Minsk] Final URI: /admin
[24-Apr-2025 09:09:01 Europe/Minsk] Trying to route: /admin
[24-Apr-2025 09:09:01 Europe/Minsk] Available routes: Array
(
    [0] => /admin
    [1] => /admin/action
    [2] => /test-auth
    [3] => /
)

[24-Apr-2025 09:09:01 Europe/Minsk] Final URI: /admin
[24-Apr-2025 09:09:01 Europe/Minsk] Allowed directories: Array
(
    [0] => /var/www/src/public/css
    [1] => /var/www/src/public/js
    [2] => /var/www/src/public/html
    [3] => /var/www/src/public/img
    [4] => /var/www/src/public/.
)

[24-Apr-2025 09:09:04 Europe/Minsk] Final URI: /admin
[24-Apr-2025 09:09:04 Europe/Minsk] Trying to route: /admin
[24-Apr-2025 09:09:04 Europe/Minsk] Available routes: Array
(
    [0] => /admin
    [1] => /admin/action
    [2] => /test-auth
    [3] => /
)

[24-Apr-2025 09:09:04 Europe/Minsk] Final URI: /admin
[24-Apr-2025 09:09:04 Europe/Minsk] Allowed directories: Array
(
    [0] => /var/www/src/public/css
    [1] => /var/www/src/public/js
    [2] => /var/www/src/public/html
    [3] => /var/www/src/public/img
    [4] => /var/www/src/public/.
)

[24-Apr-2025 09:09:04 Europe/Minsk] Final URI: /admin
[24-Apr-2025 09:09:04 Europe/Minsk] Trying to route: /admin
[24-Apr-2025 09:09:04 Europe/Minsk] Available routes: Array
(
    [0] => /admin
    [1] => /admin/action
    [2] => /test-auth
    [3] => /
)

[24-Apr-2025 09:09:04 Europe/Minsk] Final URI: /admin
[24-Apr-2025 09:09:04 Europe/Minsk] Allowed directories: Array
(
    [0] => /var/www/src/public/css
    [1] => /var/www/src/public/js
    [2] => /var/www/src/public/html
    [3] => /var/www/src/public/img
    [4] => /var/www/src/public/.
)

[24-Apr-2025 09:09:07 Europe/Minsk] Final URI: /admin
[24-Apr-2025 09:09:07 Europe/Minsk] Trying to route: /admin
[24-Apr-2025 09:09:07 Europe/Minsk] Available routes: Array
(
    [0] => /admin
    [1] => /admin/action
    [2] => /test-auth
    [3] => /
)

[24-Apr-2025 09:09:07 Europe/Minsk] Final URI: /admin
[24-Apr-2025 09:09:07 Europe/Minsk] Allowed directories: Array
(
    [0] => /var/www/src/public/css
    [1] => /var/www/src/public/js
    [2] => /var/www/src/public/html
    [3] => /var/www/src/public/img
    [4] => /var/www/src/public/.
)

[24-Apr-2025 09:09:08 Europe/Minsk] Final URI: /admin
[24-Apr-2025 09:09:08 Europe/Minsk] Trying to route: /admin
[24-Apr-2025 09:09:08 Europe/Minsk] Available routes: Array
(
    [0] => /admin
    [1] => /admin/action
    [2] => /test-auth
    [3] => /
)

[24-Apr-2025 09:09:08 Europe/Minsk] Final URI: /admin
[24-Apr-2025 09:09:08 Europe/Minsk] Allowed directories: Array
(
    [0] => /var/www/src/public/css
    [1] => /var/www/src/public/js
    [2] => /var/www/src/public/html
    [3] => /var/www/src/public/img
    [4] => /var/www/src/public/.
)

[24-Apr-2025 09:11:56 Europe/Minsk] Final URI: /ADMIN
[24-Apr-2025 09:11:56 Europe/Minsk] Trying to route: /ADMIN
[24-Apr-2025 09:11:56 Europe/Minsk] Available routes: Array
(
    [0] => /admin
    [1] => /admin/action
    [2] => /test-auth
    [3] => /
)

[24-Apr-2025 09:11:56 Europe/Minsk] Final URI: /ADMIN
[24-Apr-2025 09:12:01 Europe/Minsk] Final URI: /admin
[24-Apr-2025 09:12:01 Europe/Minsk] Trying to route: /admin
[24-Apr-2025 09:12:01 Europe/Minsk] Available routes: Array
(
    [0] => /admin
    [1] => /admin/action
    [2] => /test-auth
    [3] => /
)

[24-Apr-2025 09:12:01 Europe/Minsk] Final URI: /admin
[24-Apr-2025 09:12:01 Europe/Minsk] Allowed directories: Array
(
    [0] => /var/www/src/public/css
    [1] => /var/www/src/public/js
    [2] => /var/www/src/public/html
    [3] => /var/www/src/public/img
    [4] => /var/www/src/public/.
)

[24-Apr-2025 09:12:17 Europe/Minsk] Final URI: /admin
[24-Apr-2025 09:12:17 Europe/Minsk] Trying to route: /admin
[24-Apr-2025 09:12:17 Europe/Minsk] Available routes: Array
(
    [0] => /admin
    [1] => /admin/action
    [2] => /test-auth
    [3] => /
)

[24-Apr-2025 09:12:17 Europe/Minsk] Final URI: /admin
[24-Apr-2025 09:12:17 Europe/Minsk] Allowed directories: Array
(
    [0] => /var/www/src/public/css
    [1] => /var/www/src/public/js
    [2] => /var/www/src/public/html
    [3] => /var/www/src/public/img
    [4] => /var/www/src/public/.
)

[24-Apr-2025 09:12:17 Europe/Minsk] Final URI: /favicon.ico
[24-Apr-2025 09:12:17 Europe/Minsk] Trying to route: /favicon.ico
[24-Apr-2025 09:12:17 Europe/Minsk] Available routes: Array
(
    [0] => /admin
    [1] => /admin/action
    [2] => /test-auth
    [3] => /
)

[24-Apr-2025 09:12:17 Europe/Minsk] Final URI: /favicon.ico
[24-Apr-2025 09:12:27 Europe/Minsk] Final URI: /
[24-Apr-2025 09:12:27 Europe/Minsk] Trying to route: /
[24-Apr-2025 09:12:27 Europe/Minsk] Available routes: Array
(
    [0] => /admin
    [1] => /admin/action
    [2] => /test-auth
    [3] => /
)

[24-Apr-2025 09:12:27 Europe/Minsk] Final URI: /
[24-Apr-2025 09:13:03 Europe/Minsk] Final URI: /admin/action
[24-Apr-2025 09:13:03 Europe/Minsk] Trying to route: /admin/action
[24-Apr-2025 09:13:03 Europe/Minsk] Available routes: Array
(
    [0] => /admin
    [1] => /admin/action
    [2] => /test-auth
    [3] => /
)

[24-Apr-2025 09:13:03 Europe/Minsk] Final URI: /admin/action
[24-Apr-2025 09:13:03 Europe/Minsk] Router error: Call to undefined method Controller\AdminController::handleAction()
#0 /var/www/index.php(8): Router\Router->handleRequest()
#1 {main}
[24-Apr-2025 09:13:03 Europe/Minsk] Final URI: /favicon.ico
[24-Apr-2025 09:13:03 Europe/Minsk] Trying to route: /favicon.ico
[24-Apr-2025 09:13:03 Europe/Minsk] Available routes: Array
(
    [0] => /admin
    [1] => /admin/action
    [2] => /test-auth
    [3] => /
)

[24-Apr-2025 09:13:03 Europe/Minsk] Final URI: /favicon.ico
[24-Apr-2025 09:14:39 Europe/Minsk] Final URI: /admin
[24-Apr-2025 09:14:39 Europe/Minsk] Trying to route: /admin
[24-Apr-2025 09:14:39 Europe/Minsk] Available routes: Array
(
    [0] => /admin
    [1] => /test-auth
    [2] => /
)

[24-Apr-2025 09:14:39 Europe/Minsk] Final URI: /admin
[24-Apr-2025 09:14:39 Europe/Minsk] Allowed directories: Array
(
    [0] => /var/www/src/public/css
    [1] => /var/www/src/public/js
    [2] => /var/www/src/public/html
    [3] => /var/www/src/public/img
    [4] => /var/www/src/public/.
)

[24-Apr-2025 09:14:46 Europe/Minsk] Final URI: /admin
[24-Apr-2025 09:14:46 Europe/Minsk] Trying to route: /admin
[24-Apr-2025 09:14:46 Europe/Minsk] Available routes: Array
(
    [0] => /admin
    [1] => /test-auth
    [2] => /
)

[24-Apr-2025 09:14:46 Europe/Minsk] Final URI: /admin
[24-Apr-2025 09:14:46 Europe/Minsk] Allowed directories: Array
(
    [0] => /var/www/src/public/css
    [1] => /var/www/src/public/js
    [2] => /var/www/src/public/html
    [3] => /var/www/src/public/img
    [4] => /var/www/src/public/.
)

[24-Apr-2025 10:40:55 Europe/Minsk] Final URI: /
[24-Apr-2025 10:40:55 Europe/Minsk] Trying to route: /
[24-Apr-2025 10:40:55 Europe/Minsk] Available routes: Array
(
    [0] => /admin
    [1] => /test-auth
    [2] => /
)

[24-Apr-2025 10:40:55 Europe/Minsk] Final URI: /
[24-Apr-2025 10:46:08 Europe/Minsk] Final URI: /
[24-Apr-2025 10:46:08 Europe/Minsk] Trying to route: /
[24-Apr-2025 10:46:08 Europe/Minsk] Available routes: Array
(
    [0] => /admin
    [1] => /test-auth
    [2] => /
)

[24-Apr-2025 10:46:08 Europe/Minsk] Final URI: /
[24-Apr-2025 10:49:45 Europe/Minsk] Final URI: /
[24-Apr-2025 10:49:45 Europe/Minsk] Trying to route: /
[24-Apr-2025 10:49:45 Europe/Minsk] Available routes: Array
(
    [0] => /admin
    [1] => /test-auth
    [2] => /
)

[24-Apr-2025 10:49:45 Europe/Minsk] Final URI: /
[24-Apr-2025 10:51:07 Europe/Minsk] Final URI: /
[24-Apr-2025 10:51:07 Europe/Minsk] Trying to route: /
[24-Apr-2025 10:51:07 Europe/Minsk] Available routes: Array
(
    [0] => /admin
    [1] => /admin/action
    [2] => /test-auth
    [3] => /
)

[24-Apr-2025 10:51:07 Europe/Minsk] Final URI: /
[24-Apr-2025 11:03:19 Europe/Minsk] Final URI: /
[24-Apr-2025 11:03:19 Europe/Minsk] Trying to route: /
[24-Apr-2025 11:03:19 Europe/Minsk] Available routes: Array
(
    [0] => /admin
    [1] => /admin/action
    [2] => /test-auth
    [3] => /
)

[24-Apr-2025 11:03:19 Europe/Minsk] Final URI: /
[24-Apr-2025 11:11:46 Europe/Minsk] Final URI: /admin
[24-Apr-2025 11:11:46 Europe/Minsk] Trying to route: /admin
[24-Apr-2025 11:11:46 Europe/Minsk] Available routes: Array
(
    [0] => /admin
    [1] => /admin/action
    [2] => /test-auth
    [3] => /
)

[24-Apr-2025 11:11:46 Europe/Minsk] Final URI: /admin
[24-Apr-2025 11:11:46 Europe/Minsk] Allowed directories: Array
(
    [0] => /var/www/src/public/css
    [1] => /var/www/src/public/js
    [2] => /var/www/src/public/html
    [3] => /var/www/src/public/img
    [4] => /var/www/src/public/.
)

[24-Apr-2025 11:11:47 Europe/Minsk] Final URI: /favicon.ico
[24-Apr-2025 11:11:47 Europe/Minsk] Trying to route: /favicon.ico
[24-Apr-2025 11:11:47 Europe/Minsk] Available routes: Array
(
    [0] => /admin
    [1] => /admin/action
    [2] => /test-auth
    [3] => /
)

[24-Apr-2025 11:11:47 Europe/Minsk] Final URI: /favicon.ico
[24-Apr-2025 11:12:12 Europe/Minsk] Final URI: /
[24-Apr-2025 11:12:12 Europe/Minsk] Trying to route: /
[24-Apr-2025 11:12:12 Europe/Minsk] Available routes: Array
(
    [0] => /admin
    [1] => /admin/action
    [2] => /test-auth
    [3] => /
)

[24-Apr-2025 11:12:12 Europe/Minsk] Final URI: /
[24-Apr-2025 11:12:12 Europe/Minsk] Final URI: /favicon.ico
[24-Apr-2025 11:12:12 Europe/Minsk] Trying to route: /favicon.ico
[24-Apr-2025 11:12:12 Europe/Minsk] Available routes: Array
(
    [0] => /admin
    [1] => /admin/action
    [2] => /test-auth
    [3] => /
)

[24-Apr-2025 11:12:12 Europe/Minsk] Final URI: /favicon.ico
[24-Apr-2025 11:12:16 Europe/Minsk] Final URI: /admin
[24-Apr-2025 11:12:16 Europe/Minsk] Trying to route: /admin
[24-Apr-2025 11:12:16 Europe/Minsk] Available routes: Array
(
    [0] => /admin
    [1] => /admin/action
    [2] => /test-auth
    [3] => /
)

[24-Apr-2025 11:12:16 Europe/Minsk] Final URI: /admin
[24-Apr-2025 11:12:16 Europe/Minsk] Allowed directories: Array
(
    [0] => /var/www/src/public/css
    [1] => /var/www/src/public/js
    [2] => /var/www/src/public/html
    [3] => /var/www/src/public/img
    [4] => /var/www/src/public/.
)

[24-Apr-2025 11:13:41 Europe/Minsk] Final URI: /фвьшт
[24-Apr-2025 11:13:41 Europe/Minsk] Trying to route: /фвьшт
[24-Apr-2025 11:13:41 Europe/Minsk] Available routes: Array
(
    [0] => /admin
    [1] => /admin/action
    [2] => /test-auth
    [3] => /
)

[24-Apr-2025 11:13:41 Europe/Minsk] Final URI: /фвьшт
[24-Apr-2025 11:13:41 Europe/Minsk] Final URI: /favicon.ico
[24-Apr-2025 11:13:41 Europe/Minsk] Trying to route: /favicon.ico
[24-Apr-2025 11:13:41 Europe/Minsk] Available routes: Array
(
    [0] => /admin
    [1] => /admin/action
    [2] => /test-auth
    [3] => /
)

[24-Apr-2025 11:13:41 Europe/Minsk] Final URI: /favicon.ico
[24-Apr-2025 11:13:50 Europe/Minsk] Final URI: /admin
[24-Apr-2025 11:13:50 Europe/Minsk] Trying to route: /admin
[24-Apr-2025 11:13:50 Europe/Minsk] Available routes: Array
(
    [0] => /admin
    [1] => /admin/action
    [2] => /test-auth
    [3] => /
)

[24-Apr-2025 11:13:50 Europe/Minsk] Final URI: /admin
[24-Apr-2025 11:13:50 Europe/Minsk] Allowed directories: Array
(
    [0] => /var/www/src/public/css
    [1] => /var/www/src/public/js
    [2] => /var/www/src/public/html
    [3] => /var/www/src/public/img
    [4] => /var/www/src/public/.
)

[24-Apr-2025 11:15:10 Europe/Minsk] Final URI: /admin
[24-Apr-2025 11:15:10 Europe/Minsk] Trying to route: /admin
[24-Apr-2025 11:15:10 Europe/Minsk] Available routes: Array
(
    [0] => /admin
    [1] => /admin/action
    [2] => /test-auth
    [3] => /
)

[24-Apr-2025 11:15:10 Europe/Minsk] Final URI: /admin
[24-Apr-2025 11:15:10 Europe/Minsk] Allowed directories: Array
(
    [0] => /var/www/src/public/css
    [1] => /var/www/src/public/js
    [2] => /var/www/src/public/html
    [3] => /var/www/src/public/img
    [4] => /var/www/src/public/.
)

[24-Apr-2025 11:15:28 Europe/Minsk] Final URI: /admin
[24-Apr-2025 11:15:28 Europe/Minsk] Trying to route: /admin
[24-Apr-2025 11:15:28 Europe/Minsk] Available routes: Array
(
    [0] => /admin
    [1] => /admin/action
    [2] => /test-auth
    [3] => /
)

[24-Apr-2025 11:15:28 Europe/Minsk] Final URI: /admin
[24-Apr-2025 11:15:28 Europe/Minsk] Allowed directories: Array
(
    [0] => /var/www/src/public/css
    [1] => /var/www/src/public/js
    [2] => /var/www/src/public/html
    [3] => /var/www/src/public/img
    [4] => /var/www/src/public/.
)

[24-Apr-2025 11:15:30 Europe/Minsk] Final URI: /favicon.ico
[24-Apr-2025 11:15:30 Europe/Minsk] Trying to route: /favicon.ico
[24-Apr-2025 11:15:30 Europe/Minsk] Available routes: Array
(
    [0] => /admin
    [1] => /admin/action
    [2] => /test-auth
    [3] => /
)

[24-Apr-2025 11:15:30 Europe/Minsk] Final URI: /favicon.ico
[24-Apr-2025 11:15:45 Europe/Minsk] Final URI: /admin
[24-Apr-2025 11:15:45 Europe/Minsk] Trying to route: /admin
[24-Apr-2025 11:15:45 Europe/Minsk] Available routes: Array
(
    [0] => /admin
    [1] => /admin/action
    [2] => /test-auth
    [3] => /
)

[24-Apr-2025 11:15:45 Europe/Minsk] Final URI: /admin
[24-Apr-2025 11:15:45 Europe/Minsk] Allowed directories: Array
(
    [0] => /var/www/src/public/css
    [1] => /var/www/src/public/js
    [2] => /var/www/src/public/html
    [3] => /var/www/src/public/img
    [4] => /var/www/src/public/.
)

[24-Apr-2025 11:15:47 Europe/Minsk] Final URI: /favicon.ico
[24-Apr-2025 11:15:47 Europe/Minsk] Trying to route: /favicon.ico
[24-Apr-2025 11:15:47 Europe/Minsk] Available routes: Array
(
    [0] => /admin
    [1] => /admin/action
    [2] => /test-auth
    [3] => /
)

[24-Apr-2025 11:15:47 Europe/Minsk] Final URI: /favicon.ico
[24-Apr-2025 11:19:29 Europe/Minsk] Final URI: /admin
[24-Apr-2025 11:19:29 Europe/Minsk] Trying to route: /admin
[24-Apr-2025 11:19:29 Europe/Minsk] Available routes: Array
(
    [0] => /admin
    [1] => /admin/action
    [2] => /test-auth
    [3] => /
)

[24-Apr-2025 11:19:29 Europe/Minsk] Final URI: /admin
[24-Apr-2025 11:19:29 Europe/Minsk] Allowed directories: Array
(
    [0] => /var/www/src/public/css
    [1] => /var/www/src/public/js
    [2] => /var/www/src/public/html
    [3] => /var/www/src/public/img
    [4] => /var/www/src/public/.
)

[24-Apr-2025 11:19:31 Europe/Minsk] Final URI: /favicon.ico
[24-Apr-2025 11:19:31 Europe/Minsk] Trying to route: /favicon.ico
[24-Apr-2025 11:19:31 Europe/Minsk] Available routes: Array
(
    [0] => /admin
    [1] => /admin/action
    [2] => /test-auth
    [3] => /
)

[24-Apr-2025 11:19:31 Europe/Minsk] Final URI: /favicon.ico
[24-Apr-2025 11:19:38 Europe/Minsk] Final URI: /admin
[24-Apr-2025 11:19:38 Europe/Minsk] Trying to route: /admin
[24-Apr-2025 11:19:38 Europe/Minsk] Available routes: Array
(
    [0] => /admin
    [1] => /admin/action
    [2] => /test-auth
    [3] => /
)

[24-Apr-2025 11:19:38 Europe/Minsk] Final URI: /admin
[24-Apr-2025 11:19:38 Europe/Minsk] Allowed directories: Array
(
    [0] => /var/www/src/public/css
    [1] => /var/www/src/public/js
    [2] => /var/www/src/public/html
    [3] => /var/www/src/public/img
    [4] => /var/www/src/public/.
)

[24-Apr-2025 11:19:39 Europe/Minsk] Final URI: /favicon.ico
[24-Apr-2025 11:19:39 Europe/Minsk] Trying to route: /favicon.ico
[24-Apr-2025 11:19:39 Europe/Minsk] Available routes: Array
(
    [0] => /admin
    [1] => /admin/action
    [2] => /test-auth
    [3] => /
)

[24-Apr-2025 11:19:39 Europe/Minsk] Final URI: /favicon.ico
[24-Apr-2025 11:24:51 Europe/Minsk] Final URI: /admin
[24-Apr-2025 11:24:51 Europe/Minsk] Trying to route: /admin
[24-Apr-2025 11:24:51 Europe/Minsk] Available routes: Array
(
    [0] => /admin
    [1] => /admin/action
    [2] => /test-auth
    [3] => /
)

[24-Apr-2025 11:24:51 Europe/Minsk] Final URI: /admin
[24-Apr-2025 11:24:58 Europe/Minsk] Final URI: /admin
[24-Apr-2025 11:24:58 Europe/Minsk] Trying to route: /admin
[24-Apr-2025 11:24:58 Europe/Minsk] Available routes: Array
(
    [0] => /admin
    [1] => /admin/action
    [2] => /test-auth
    [3] => /
)

[24-Apr-2025 11:24:58 Europe/Minsk] Final URI: /admin
[24-Apr-2025 11:24:58 Europe/Minsk] Trying to auth with file: /var/www/src/Controller/../.htpasswd
[24-Apr-2025 11:24:58 Europe/Minsk] User: admin
[24-Apr-2025 11:24:58 Europe/Minsk] Password length: 6
[24-Apr-2025 11:24:58 Europe/Minsk] PHP Warning:  file(/var/www/src/Controller/../.htpasswd): Failed to open stream: No such file or directory in /var/www/src/Controller/AdminController.php on line 23
[24-Apr-2025 11:24:58 Europe/Minsk] PHP Warning:  foreach() argument must be of type array|object, false given in /var/www/src/Controller/AdminController.php on line 25
[24-Apr-2025 11:24:58 Europe/Minsk] PHP Warning:  Undefined variable $valid in /var/www/src/Controller/AdminController.php on line 39
[24-Apr-2025 11:24:58 Europe/Minsk] Authentication failed for user: admin
[24-Apr-2025 11:24:58 Europe/Minsk] PHP Warning:  Cannot modify header information - headers already sent by (output started at /var/www/src/Controller/AdminController.php:23) in /var/www/src/Controller/AdminController.php on line 41
[24-Apr-2025 11:24:58 Europe/Minsk] Final URI: /favicon.ico
[24-Apr-2025 11:24:58 Europe/Minsk] Trying to route: /favicon.ico
[24-Apr-2025 11:24:58 Europe/Minsk] Available routes: Array
(
    [0] => /admin
    [1] => /admin/action
    [2] => /test-auth
    [3] => /
)

[24-Apr-2025 11:24:58 Europe/Minsk] Final URI: /favicon.ico
[24-Apr-2025 11:25:43 Europe/Minsk] Final URI: /admin
[24-Apr-2025 11:25:43 Europe/Minsk] Trying to route: /admin
[24-Apr-2025 11:25:43 Europe/Minsk] Available routes: Array
(
    [0] => /admin
    [1] => /admin/action
    [2] => /test-auth
    [3] => /
)

[24-Apr-2025 11:25:43 Europe/Minsk] Final URI: /admin
[24-Apr-2025 11:25:43 Europe/Minsk] Trying to auth with file: /var/www/src/Controller/../../config/.htpasswd
[24-Apr-2025 11:25:43 Europe/Minsk] User: admin
[24-Apr-2025 11:25:43 Europe/Minsk] Password length: 6
[24-Apr-2025 11:25:43 Europe/Minsk] Stored hash: $apr1$u8psR7zI$6Q9TlgbKE9mDU2iqn2Z1a/
[24-Apr-2025 11:25:43 Europe/Minsk] Input password: 123321
[24-Apr-2025 11:25:43 Europe/Minsk] PHP Warning:  Undefined variable $valid in /var/www/src/Controller/AdminController.php on line 39
[24-Apr-2025 11:25:43 Europe/Minsk] Authentication failed for user: admin
[24-Apr-2025 11:25:43 Europe/Minsk] PHP Warning:  Cannot modify header information - headers already sent by (output started at /var/www/src/Controller/AdminController.php:39) in /var/www/src/Controller/AdminController.php on line 41
[24-Apr-2025 11:26:47 Europe/Minsk] Final URI: /admin
[24-Apr-2025 11:26:47 Europe/Minsk] Trying to route: /admin
[24-Apr-2025 11:26:47 Europe/Minsk] Available routes: Array
(
    [0] => /admin
    [1] => /admin/action
    [2] => /test-auth
    [3] => /
)

[24-Apr-2025 11:26:47 Europe/Minsk] Final URI: /admin
[24-Apr-2025 11:26:47 Europe/Minsk] Trying to auth with file: /var/www/src/Controller/../../config/.htpasswd
[24-Apr-2025 11:26:47 Europe/Minsk] User: admin
[24-Apr-2025 11:26:47 Europe/Minsk] Password length: 6
[24-Apr-2025 11:26:47 Europe/Minsk] Stored hash: $apr1$u8psR7zI$6Q9TlgbKE9mDU2iqn2Z1a/
[24-Apr-2025 11:26:47 Europe/Minsk] Input password: 123321
[24-Apr-2025 11:26:47 Europe/Minsk] Authentication failed for user: admin
[24-Apr-2025 11:26:56 Europe/Minsk] Final URI: /admin
[24-Apr-2025 11:26:56 Europe/Minsk] Trying to route: /admin
[24-Apr-2025 11:26:56 Europe/Minsk] Available routes: Array
(
    [0] => /admin
    [1] => /admin/action
    [2] => /test-auth
    [3] => /
)

[24-Apr-2025 11:26:56 Europe/Minsk] Final URI: /admin
[24-Apr-2025 11:26:56 Europe/Minsk] Trying to auth with file: /var/www/src/Controller/../../config/.htpasswd
[24-Apr-2025 11:26:56 Europe/Minsk] User: admin
[24-Apr-2025 11:26:56 Europe/Minsk] Password length: 6
[24-Apr-2025 11:26:56 Europe/Minsk] Stored hash: $apr1$u8psR7zI$6Q9TlgbKE9mDU2iqn2Z1a/
[24-Apr-2025 11:26:56 Europe/Minsk] Input password: 123321
[24-Apr-2025 11:26:56 Europe/Minsk] Authentication failed for user: admin
[24-Apr-2025 11:27:29 Europe/Minsk] Final URI: /фвьшт
[24-Apr-2025 11:27:29 Europe/Minsk] Trying to route: /фвьшт
[24-Apr-2025 11:27:29 Europe/Minsk] Available routes: Array
(
    [0] => /admin
    [1] => /admin/action
    [2] => /test-auth
    [3] => /
)

[24-Apr-2025 11:27:29 Europe/Minsk] Final URI: /фвьшт
[24-Apr-2025 11:27:34 Europe/Minsk] Final URI: /admin
[24-Apr-2025 11:27:34 Europe/Minsk] Trying to route: /admin
[24-Apr-2025 11:27:34 Europe/Minsk] Available routes: Array
(
    [0] => /admin
    [1] => /admin/action
    [2] => /test-auth
    [3] => /
)

[24-Apr-2025 11:27:34 Europe/Minsk] Final URI: /admin
[24-Apr-2025 11:27:34 Europe/Minsk] Trying to auth with file: /var/www/src/Controller/../config/.htpasswd
[24-Apr-2025 11:27:34 Europe/Minsk] User: admin
[24-Apr-2025 11:27:34 Europe/Minsk] Password length: 6
[24-Apr-2025 11:27:34 Europe/Minsk] PHP Warning:  file(/var/www/src/Controller/../config/.htpasswd): Failed to open stream: No such file or directory in /var/www/src/Controller/AdminController.php on line 26
[24-Apr-2025 11:27:34 Europe/Minsk] PHP Warning:  foreach() argument must be of type array|object, false given in /var/www/src/Controller/AdminController.php on line 28
[24-Apr-2025 11:27:34 Europe/Minsk] Authentication failed for user: admin
[24-Apr-2025 11:27:34 Europe/Minsk] PHP Warning:  Cannot modify header information - headers already sent by (output started at /var/www/src/Controller/AdminController.php:26) in /var/www/src/Controller/AdminController.php on line 45
[24-Apr-2025 11:27:40 Europe/Minsk] Final URI: /admin
[24-Apr-2025 11:27:40 Europe/Minsk] Trying to route: /admin
[24-Apr-2025 11:27:40 Europe/Minsk] Available routes: Array
(
    [0] => /admin
    [1] => /admin/action
    [2] => /test-auth
    [3] => /
)

[24-Apr-2025 11:27:40 Europe/Minsk] Final URI: /admin
[24-Apr-2025 11:27:40 Europe/Minsk] Trying to auth with file: /var/www/src/Controller/../../config/.htpasswd
[24-Apr-2025 11:27:40 Europe/Minsk] User: admin
[24-Apr-2025 11:27:40 Europe/Minsk] Password length: 6
[24-Apr-2025 11:27:40 Europe/Minsk] Stored hash: $apr1$u8psR7zI$6Q9TlgbKE9mDU2iqn2Z1a/
[24-Apr-2025 11:27:40 Europe/Minsk] Input password: 123321
[24-Apr-2025 11:27:40 Europe/Minsk] Authentication failed for user: admin
[24-Apr-2025 11:28:21 Europe/Minsk] Final URI: /admin
[24-Apr-2025 11:28:21 Europe/Minsk] Trying to route: /admin
[24-Apr-2025 11:28:21 Europe/Minsk] Available routes: Array
(
    [0] => /admin
    [1] => /admin/action
    [2] => /test-auth
    [3] => /
)

[24-Apr-2025 11:28:21 Europe/Minsk] Final URI: /admin
[24-Apr-2025 11:28:21 Europe/Minsk] Trying to auth with file: /var/www/src/Controller/../../config/.htpasswd
[24-Apr-2025 11:28:21 Europe/Minsk] User: admin
[24-Apr-2025 11:28:21 Europe/Minsk] Password length: 6
[24-Apr-2025 11:28:21 Europe/Minsk] Stored hash: $apr1$u8psR7zI$6Q9TlgbKE9mDU2iqn2Z1a/
[24-Apr-2025 11:28:21 Europe/Minsk] Input password: 123321
[24-Apr-2025 11:28:21 Europe/Minsk] Authentication failed for user: admin
[24-Apr-2025 11:28:21 Europe/Minsk] Final URI: /admin
[24-Apr-2025 11:28:21 Europe/Minsk] Trying to route: /admin
[24-Apr-2025 11:28:21 Europe/Minsk] Available routes: Array
(
    [0] => /admin
    [1] => /admin/action
    [2] => /test-auth
    [3] => /
)

[24-Apr-2025 11:28:21 Europe/Minsk] Final URI: /admin
[24-Apr-2025 11:28:21 Europe/Minsk] Trying to auth with file: /var/www/src/Controller/../../config/.htpasswd
[24-Apr-2025 11:28:21 Europe/Minsk] User: admin
[24-Apr-2025 11:28:21 Europe/Minsk] Password length: 6
[24-Apr-2025 11:28:21 Europe/Minsk] Stored hash: $apr1$u8psR7zI$6Q9TlgbKE9mDU2iqn2Z1a/
[24-Apr-2025 11:28:21 Europe/Minsk] Input password: 123321
[24-Apr-2025 11:28:21 Europe/Minsk] Authentication failed for user: admin
[24-Apr-2025 11:28:21 Europe/Minsk] Final URI: /admin
[24-Apr-2025 11:28:21 Europe/Minsk] Trying to route: /admin
[24-Apr-2025 11:28:21 Europe/Minsk] Available routes: Array
(
    [0] => /admin
    [1] => /admin/action
    [2] => /test-auth
    [3] => /
)

[24-Apr-2025 11:28:21 Europe/Minsk] Final URI: /admin
[24-Apr-2025 11:28:21 Europe/Minsk] Trying to auth with file: /var/www/src/Controller/../../config/.htpasswd
[24-Apr-2025 11:28:21 Europe/Minsk] User: admin
[24-Apr-2025 11:28:21 Europe/Minsk] Password length: 6
[24-Apr-2025 11:28:21 Europe/Minsk] Stored hash: $apr1$u8psR7zI$6Q9TlgbKE9mDU2iqn2Z1a/
[24-Apr-2025 11:28:21 Europe/Minsk] Input password: 123321
[24-Apr-2025 11:28:21 Europe/Minsk] Authentication failed for user: admin
[24-Apr-2025 11:28:22 Europe/Minsk] Final URI: /admin
[24-Apr-2025 11:28:22 Europe/Minsk] Trying to route: /admin
[24-Apr-2025 11:28:22 Europe/Minsk] Available routes: Array
(
    [0] => /admin
    [1] => /admin/action
    [2] => /test-auth
    [3] => /
)

[24-Apr-2025 11:28:22 Europe/Minsk] Final URI: /admin
[24-Apr-2025 11:28:22 Europe/Minsk] Trying to auth with file: /var/www/src/Controller/../../config/.htpasswd
[24-Apr-2025 11:28:22 Europe/Minsk] User: admin
[24-Apr-2025 11:28:22 Europe/Minsk] Password length: 6
[24-Apr-2025 11:28:22 Europe/Minsk] Stored hash: $apr1$u8psR7zI$6Q9TlgbKE9mDU2iqn2Z1a/
[24-Apr-2025 11:28:22 Europe/Minsk] Input password: 123321
[24-Apr-2025 11:28:22 Europe/Minsk] Authentication failed for user: admin
[24-Apr-2025 11:30:37 Europe/Minsk] Final URI: /admin
[24-Apr-2025 11:30:37 Europe/Minsk] Trying to route: /admin
[24-Apr-2025 11:30:37 Europe/Minsk] Available routes: Array
(
    [0] => /admin
    [1] => /admin/action
    [2] => /test-auth
    [3] => /
)

[24-Apr-2025 11:30:37 Europe/Minsk] Final URI: /admin
[24-Apr-2025 11:30:37 Europe/Minsk] Trying to auth with file: /var/www/src/Controller/../../config/.htpasswd
[24-Apr-2025 11:30:37 Europe/Minsk] User: admin
[24-Apr-2025 11:30:37 Europe/Minsk] Password length: 6
[24-Apr-2025 11:30:37 Europe/Minsk] Stored hash: $2y$05$3XEL40T.Zsc.G40SyrV4nuvfREISmd4rVAqhDMhYRlKIkt2lFXrMW
[24-Apr-2025 11:30:37 Europe/Minsk] Input password: 123321
[24-Apr-2025 11:30:37 Europe/Minsk] Allowed directories: Array
(
    [0] => /var/www/src/public/css
    [1] => /var/www/src/public/js
    [2] => /var/www/src/public/html
    [3] => /var/www/src/public/img
    [4] => /var/www/src/public/.
)

[24-Apr-2025 11:30:45 Europe/Minsk] Final URI: /admin
[24-Apr-2025 11:30:45 Europe/Minsk] Trying to route: /admin
[24-Apr-2025 11:30:45 Europe/Minsk] Available routes: Array
(
    [0] => /admin
    [1] => /admin/action
    [2] => /test-auth
    [3] => /
)

[24-Apr-2025 11:30:45 Europe/Minsk] Final URI: /admin
[24-Apr-2025 11:30:52 Europe/Minsk] Final URI: /admin
[24-Apr-2025 11:30:52 Europe/Minsk] Trying to route: /admin
[24-Apr-2025 11:30:52 Europe/Minsk] Available routes: Array
(
    [0] => /admin
    [1] => /admin/action
    [2] => /test-auth
    [3] => /
)

[24-Apr-2025 11:30:52 Europe/Minsk] Final URI: /admin
[24-Apr-2025 11:30:52 Europe/Minsk] Trying to auth with file: /var/www/src/Controller/../../config/.htpasswd
[24-Apr-2025 11:30:52 Europe/Minsk] User: admin
[24-Apr-2025 11:30:52 Europe/Minsk] Password length: 6
[24-Apr-2025 11:30:52 Europe/Minsk] Stored hash: $2y$05$3XEL40T.Zsc.G40SyrV4nuvfREISmd4rVAqhDMhYRlKIkt2lFXrMW
[24-Apr-2025 11:30:52 Europe/Minsk] Input password: 123321
[24-Apr-2025 11:30:52 Europe/Minsk] Allowed directories: Array
(
    [0] => /var/www/src/public/css
    [1] => /var/www/src/public/js
    [2] => /var/www/src/public/html
    [3] => /var/www/src/public/img
    [4] => /var/www/src/public/.
)

[24-Apr-2025 11:30:53 Europe/Minsk] Final URI: /favicon.ico
[24-Apr-2025 11:30:53 Europe/Minsk] Trying to route: /favicon.ico
[24-Apr-2025 11:30:53 Europe/Minsk] Available routes: Array
(
    [0] => /admin
    [1] => /admin/action
    [2] => /test-auth
    [3] => /
)

[24-Apr-2025 11:30:53 Europe/Minsk] Final URI: /favicon.ico
[24-Apr-2025 11:31:00 Europe/Minsk] Final URI: /admin
[24-Apr-2025 11:31:00 Europe/Minsk] Trying to route: /admin
[24-Apr-2025 11:31:00 Europe/Minsk] Available routes: Array
(
    [0] => /admin
    [1] => /admin/action
    [2] => /test-auth
    [3] => /
)

[24-Apr-2025 11:31:00 Europe/Minsk] Final URI: /admin
[24-Apr-2025 11:31:06 Europe/Minsk] Final URI: /admin
[24-Apr-2025 11:31:06 Europe/Minsk] Trying to route: /admin
[24-Apr-2025 11:31:06 Europe/Minsk] Available routes: Array
(
    [0] => /admin
    [1] => /admin/action
    [2] => /test-auth
    [3] => /
)

[24-Apr-2025 11:31:06 Europe/Minsk] Final URI: /admin
[24-Apr-2025 11:31:06 Europe/Minsk] Trying to auth with file: /var/www/src/Controller/../../config/.htpasswd
[24-Apr-2025 11:31:06 Europe/Minsk] User: admin
[24-Apr-2025 11:31:06 Europe/Minsk] Password length: 6
[24-Apr-2025 11:31:06 Europe/Minsk] Stored hash: $2y$05$3XEL40T.Zsc.G40SyrV4nuvfREISmd4rVAqhDMhYRlKIkt2lFXrMW
[24-Apr-2025 11:31:06 Europe/Minsk] Input password: 123321
[24-Apr-2025 11:31:06 Europe/Minsk] Allowed directories: Array
(
    [0] => /var/www/src/public/css
    [1] => /var/www/src/public/js
    [2] => /var/www/src/public/html
    [3] => /var/www/src/public/img
    [4] => /var/www/src/public/.
)

[24-Apr-2025 11:31:07 Europe/Minsk] Final URI: /favicon.ico
[24-Apr-2025 11:31:07 Europe/Minsk] Trying to route: /favicon.ico
[24-Apr-2025 11:31:07 Europe/Minsk] Available routes: Array
(
    [0] => /admin
    [1] => /admin/action
    [2] => /test-auth
    [3] => /
)

[24-Apr-2025 11:31:07 Europe/Minsk] Final URI: /favicon.ico
[24-Apr-2025 11:31:35 Europe/Minsk] Final URI: /admin
[24-Apr-2025 11:31:35 Europe/Minsk] Trying to route: /admin
[24-Apr-2025 11:31:35 Europe/Minsk] Available routes: Array
(
    [0] => /admin
    [1] => /admin/action
    [2] => /test-auth
    [3] => /
)

[24-Apr-2025 11:31:35 Europe/Minsk] Final URI: /admin
[24-Apr-2025 11:33:03 Europe/Minsk] Final URI: /admin
[24-Apr-2025 11:33:03 Europe/Minsk] Trying to route: /admin
[24-Apr-2025 11:33:03 Europe/Minsk] Available routes: Array
(
    [0] => /admin
    [1] => /admin/action
    [2] => /test-auth
    [3] => /
)

[24-Apr-2025 11:33:03 Europe/Minsk] Final URI: /admin
[24-Apr-2025 11:33:03 Europe/Minsk] Trying to auth with file: /var/www/src/Controller/../../config/.htpasswd
[24-Apr-2025 11:33:03 Europe/Minsk] User: admin
[24-Apr-2025 11:33:03 Europe/Minsk] Password length: 6
[24-Apr-2025 11:33:03 Europe/Minsk] Stored hash: $2y$05$3XEL40T.Zsc.G40SyrV4nuvfREISmd4rVAqhDMhYRlKIkt2lFXrMW
[24-Apr-2025 11:33:03 Europe/Minsk] Input password: 123321
[24-Apr-2025 11:33:03 Europe/Minsk] Allowed directories: Array
(
    [0] => /var/www/src/public/css
    [1] => /var/www/src/public/js
    [2] => /var/www/src/public/html
    [3] => /var/www/src/public/img
    [4] => /var/www/src/public/.
)

[24-Apr-2025 11:33:05 Europe/Minsk] Final URI: /favicon.ico
[24-Apr-2025 11:33:05 Europe/Minsk] Trying to route: /favicon.ico
[24-Apr-2025 11:33:05 Europe/Minsk] Available routes: Array
(
    [0] => /admin
    [1] => /admin/action
    [2] => /test-auth
    [3] => /
)

[24-Apr-2025 11:33:05 Europe/Minsk] Final URI: /favicon.ico
[24-Apr-2025 11:33:22 Europe/Minsk] Final URI: /admin
[24-Apr-2025 11:33:22 Europe/Minsk] Trying to route: /admin
[24-Apr-2025 11:33:22 Europe/Minsk] Available routes: Array
(
    [0] => /admin
    [1] => /admin/action
    [2] => /test-auth
    [3] => /
)

[24-Apr-2025 11:33:22 Europe/Minsk] Final URI: /admin
[24-Apr-2025 11:33:22 Europe/Minsk] Trying to auth with file: /var/www/src/Controller/../../config/.htpasswd
[24-Apr-2025 11:33:22 Europe/Minsk] User: admin
[24-Apr-2025 11:33:22 Europe/Minsk] Password length: 6
[24-Apr-2025 11:33:22 Europe/Minsk] Stored hash: $2y$05$3XEL40T.Zsc.G40SyrV4nuvfREISmd4rVAqhDMhYRlKIkt2lFXrMW
[24-Apr-2025 11:33:22 Europe/Minsk] Input password: 123321
[24-Apr-2025 11:33:22 Europe/Minsk] Allowed directories: Array
(
    [0] => /var/www/src/public/css
    [1] => /var/www/src/public/js
    [2] => /var/www/src/public/html
    [3] => /var/www/src/public/img
    [4] => /var/www/src/public/.
)

[24-Apr-2025 11:33:36 Europe/Minsk] Final URI: /admin
[24-Apr-2025 11:33:36 Europe/Minsk] Trying to route: /admin
[24-Apr-2025 11:33:36 Europe/Minsk] Available routes: Array
(
    [0] => /admin
    [1] => /admin/action
    [2] => /test-auth
    [3] => /
)

[24-Apr-2025 11:33:36 Europe/Minsk] Final URI: /admin
[24-Apr-2025 11:33:48 Europe/Minsk] Final URI: /admin
[24-Apr-2025 11:33:48 Europe/Minsk] Trying to route: /admin
[24-Apr-2025 11:33:48 Europe/Minsk] Available routes: Array
(
    [0] => /admin
    [1] => /admin/action
    [2] => /test-auth
    [3] => /
)

[24-Apr-2025 11:33:48 Europe/Minsk] Final URI: /admin
[24-Apr-2025 11:33:48 Europe/Minsk] Trying to auth with file: /var/www/src/Controller/../../config/.htpasswd
[24-Apr-2025 11:33:48 Europe/Minsk] User: admin
[24-Apr-2025 11:33:48 Europe/Minsk] Password length: 6
[24-Apr-2025 11:33:48 Europe/Minsk] Stored hash: $2y$05$3XEL40T.Zsc.G40SyrV4nuvfREISmd4rVAqhDMhYRlKIkt2lFXrMW
[24-Apr-2025 11:33:48 Europe/Minsk] Input password: 123321
[24-Apr-2025 11:33:48 Europe/Minsk] Allowed directories: Array
(
    [0] => /var/www/src/public/css
    [1] => /var/www/src/public/js
    [2] => /var/www/src/public/html
    [3] => /var/www/src/public/img
    [4] => /var/www/src/public/.
)

[24-Apr-2025 11:33:49 Europe/Minsk] Final URI: /favicon.ico
[24-Apr-2025 11:33:49 Europe/Minsk] Trying to route: /favicon.ico
[24-Apr-2025 11:33:49 Europe/Minsk] Available routes: Array
(
    [0] => /admin
    [1] => /admin/action
    [2] => /test-auth
    [3] => /
)

[24-Apr-2025 11:33:49 Europe/Minsk] Final URI: /favicon.ico
[24-Apr-2025 13:02:36 Europe/Minsk] Final URI: /admin
[24-Apr-2025 13:02:36 Europe/Minsk] Final URI: /admin
[24-Apr-2025 13:02:42 Europe/Minsk] Final URI: /admin
[24-Apr-2025 13:02:42 Europe/Minsk] Final URI: /admin
[24-Apr-2025 13:02:42 Europe/Minsk] Trying to auth with file: /var/www/src/Controller/../../config/.htpasswd
[24-Apr-2025 13:02:42 Europe/Minsk] User: admin
[24-Apr-2025 13:02:42 Europe/Minsk] Password length: 6
[24-Apr-2025 13:02:42 Europe/Minsk] Stored hash: $2y$05$3XEL40T.Zsc.G40SyrV4nuvfREISmd4rVAqhDMhYRlKIkt2lFXrMW
[24-Apr-2025 13:02:42 Europe/Minsk] Input password: 123321
[24-Apr-2025 13:02:42 Europe/Minsk] Allowed directories: Array
(
    [0] => /var/www/src/public/css
    [1] => /var/www/src/public/js
    [2] => /var/www/src/public/html
    [3] => /var/www/src/public/img
    [4] => /var/www/src/public/.
)

[24-Apr-2025 13:02:42 Europe/Minsk] Final URI: /favicon.ico
[24-Apr-2025 13:02:42 Europe/Minsk] Final URI: /favicon.ico
[24-Apr-2025 13:02:46 Europe/Minsk] Final URI: /admin
[24-Apr-2025 13:02:46 Europe/Minsk] Final URI: /admin
[24-Apr-2025 13:02:46 Europe/Minsk] Trying to auth with file: /var/www/src/Controller/../../config/.htpasswd
[24-Apr-2025 13:02:46 Europe/Minsk] User: admin
[24-Apr-2025 13:02:46 Europe/Minsk] Password length: 6
[24-Apr-2025 13:02:46 Europe/Minsk] Stored hash: $2y$05$3XEL40T.Zsc.G40SyrV4nuvfREISmd4rVAqhDMhYRlKIkt2lFXrMW
[24-Apr-2025 13:02:46 Europe/Minsk] Input password: 123321
[24-Apr-2025 13:02:46 Europe/Minsk] Allowed directories: Array
(
    [0] => /var/www/src/public/css
    [1] => /var/www/src/public/js
    [2] => /var/www/src/public/html
    [3] => /var/www/src/public/img
    [4] => /var/www/src/public/.
)

[24-Apr-2025 13:02:55 Europe/Minsk] Final URI: /admin
[24-Apr-2025 13:02:55 Europe/Minsk] Final URI: /admin
[24-Apr-2025 13:02:55 Europe/Minsk] Trying to auth with file: /var/www/src/Controller/../../config/.htpasswd
[24-Apr-2025 13:02:55 Europe/Minsk] User: admin
[24-Apr-2025 13:02:55 Europe/Minsk] Password length: 6
[24-Apr-2025 13:02:55 Europe/Minsk] Stored hash: $2y$05$3XEL40T.Zsc.G40SyrV4nuvfREISmd4rVAqhDMhYRlKIkt2lFXrMW
[24-Apr-2025 13:02:55 Europe/Minsk] Input password: 123321
[24-Apr-2025 13:02:55 Europe/Minsk] Allowed directories: Array
(
    [0] => /var/www/src/public/css
    [1] => /var/www/src/public/js
    [2] => /var/www/src/public/html
    [3] => /var/www/src/public/img
    [4] => /var/www/src/public/.
)

[24-Apr-2025 13:02:59 Europe/Minsk] Final URI: /admin
[24-Apr-2025 13:02:59 Europe/Minsk] Final URI: /admin
[24-Apr-2025 13:02:59 Europe/Minsk] Trying to auth with file: /var/www/src/Controller/../../config/.htpasswd
[24-Apr-2025 13:02:59 Europe/Minsk] User: admin
[24-Apr-2025 13:02:59 Europe/Minsk] Password length: 6
[24-Apr-2025 13:02:59 Europe/Minsk] Stored hash: $2y$05$3XEL40T.Zsc.G40SyrV4nuvfREISmd4rVAqhDMhYRlKIkt2lFXrMW
[24-Apr-2025 13:02:59 Europe/Minsk] Input password: 123321
[24-Apr-2025 13:02:59 Europe/Minsk] Allowed directories: Array
(
    [0] => /var/www/src/public/css
    [1] => /var/www/src/public/js
    [2] => /var/www/src/public/html
    [3] => /var/www/src/public/img
    [4] => /var/www/src/public/.
)

[24-Apr-2025 13:03:01 Europe/Minsk] Final URI: /admin
[24-Apr-2025 13:03:01 Europe/Minsk] Final URI: /admin
[24-Apr-2025 13:03:01 Europe/Minsk] Trying to auth with file: /var/www/src/Controller/../../config/.htpasswd
[24-Apr-2025 13:03:01 Europe/Minsk] User: admin
[24-Apr-2025 13:03:01 Europe/Minsk] Password length: 6
[24-Apr-2025 13:03:01 Europe/Minsk] Stored hash: $2y$05$3XEL40T.Zsc.G40SyrV4nuvfREISmd4rVAqhDMhYRlKIkt2lFXrMW
[24-Apr-2025 13:03:01 Europe/Minsk] Input password: 123321
[24-Apr-2025 13:03:01 Europe/Minsk] Allowed directories: Array
(
    [0] => /var/www/src/public/css
    [1] => /var/www/src/public/js
    [2] => /var/www/src/public/html
    [3] => /var/www/src/public/img
    [4] => /var/www/src/public/.
)

[24-Apr-2025 13:03:03 Europe/Minsk] Final URI: /admin
[24-Apr-2025 13:03:03 Europe/Minsk] Final URI: /admin
[24-Apr-2025 13:03:03 Europe/Minsk] Trying to auth with file: /var/www/src/Controller/../../config/.htpasswd
[24-Apr-2025 13:03:03 Europe/Minsk] User: admin
[24-Apr-2025 13:03:03 Europe/Minsk] Password length: 6
[24-Apr-2025 13:03:03 Europe/Minsk] Stored hash: $2y$05$3XEL40T.Zsc.G40SyrV4nuvfREISmd4rVAqhDMhYRlKIkt2lFXrMW
[24-Apr-2025 13:03:03 Europe/Minsk] Input password: 123321
[24-Apr-2025 13:03:03 Europe/Minsk] Allowed directories: Array
(
    [0] => /var/www/src/public/css
    [1] => /var/www/src/public/js
    [2] => /var/www/src/public/html
    [3] => /var/www/src/public/img
    [4] => /var/www/src/public/.
)

[24-Apr-2025 13:03:06 Europe/Minsk] Final URI: /admin
[24-Apr-2025 13:03:06 Europe/Minsk] Final URI: /admin
[24-Apr-2025 13:03:06 Europe/Minsk] Trying to auth with file: /var/www/src/Controller/../../config/.htpasswd
[24-Apr-2025 13:03:06 Europe/Minsk] User: admin
[24-Apr-2025 13:03:06 Europe/Minsk] Password length: 6
[24-Apr-2025 13:03:06 Europe/Minsk] Stored hash: $2y$05$3XEL40T.Zsc.G40SyrV4nuvfREISmd4rVAqhDMhYRlKIkt2lFXrMW
[24-Apr-2025 13:03:06 Europe/Minsk] Input password: 123321
[24-Apr-2025 13:03:06 Europe/Minsk] Allowed directories: Array
(
    [0] => /var/www/src/public/css
    [1] => /var/www/src/public/js
    [2] => /var/www/src/public/html
    [3] => /var/www/src/public/img
    [4] => /var/www/src/public/.
)

[24-Apr-2025 13:03:07 Europe/Minsk] Final URI: /admin
[24-Apr-2025 13:03:07 Europe/Minsk] Final URI: /admin
[24-Apr-2025 13:03:07 Europe/Minsk] Trying to auth with file: /var/www/src/Controller/../../config/.htpasswd
[24-Apr-2025 13:03:07 Europe/Minsk] User: admin
[24-Apr-2025 13:03:07 Europe/Minsk] Password length: 6
[24-Apr-2025 13:03:07 Europe/Minsk] Stored hash: $2y$05$3XEL40T.Zsc.G40SyrV4nuvfREISmd4rVAqhDMhYRlKIkt2lFXrMW
[24-Apr-2025 13:03:07 Europe/Minsk] Input password: 123321
[24-Apr-2025 13:03:07 Europe/Minsk] Allowed directories: Array
(
    [0] => /var/www/src/public/css
    [1] => /var/www/src/public/js
    [2] => /var/www/src/public/html
    [3] => /var/www/src/public/img
    [4] => /var/www/src/public/.
)

[24-Apr-2025 13:03:09 Europe/Minsk] Final URI: /admin
[24-Apr-2025 13:03:09 Europe/Minsk] Final URI: /admin
[24-Apr-2025 13:03:09 Europe/Minsk] Trying to auth with file: /var/www/src/Controller/../../config/.htpasswd
[24-Apr-2025 13:03:09 Europe/Minsk] User: admin
[24-Apr-2025 13:03:09 Europe/Minsk] Password length: 6
[24-Apr-2025 13:03:09 Europe/Minsk] Stored hash: $2y$05$3XEL40T.Zsc.G40SyrV4nuvfREISmd4rVAqhDMhYRlKIkt2lFXrMW
[24-Apr-2025 13:03:09 Europe/Minsk] Input password: 123321
[24-Apr-2025 13:03:09 Europe/Minsk] Allowed directories: Array
(
    [0] => /var/www/src/public/css
    [1] => /var/www/src/public/js
    [2] => /var/www/src/public/html
    [3] => /var/www/src/public/img
    [4] => /var/www/src/public/.
)

[24-Apr-2025 13:03:18 Europe/Minsk] Final URI: /admin
[24-Apr-2025 13:03:18 Europe/Minsk] Final URI: /admin
[24-Apr-2025 13:03:18 Europe/Minsk] Trying to auth with file: /var/www/src/Controller/../../config/.htpasswd
[24-Apr-2025 13:03:18 Europe/Minsk] User: admin
[24-Apr-2025 13:03:18 Europe/Minsk] Password length: 6
[24-Apr-2025 13:03:18 Europe/Minsk] Stored hash: $2y$05$3XEL40T.Zsc.G40SyrV4nuvfREISmd4rVAqhDMhYRlKIkt2lFXrMW
[24-Apr-2025 13:03:18 Europe/Minsk] Input password: 123321
[24-Apr-2025 13:03:18 Europe/Minsk] Allowed directories: Array
(
    [0] => /var/www/src/public/css
    [1] => /var/www/src/public/js
    [2] => /var/www/src/public/html
    [3] => /var/www/src/public/img
    [4] => /var/www/src/public/.
)

[24-Apr-2025 13:03:18 Europe/Minsk] PHP Warning:  Cannot modify header information - headers already sent by (output started at /var/www/src/public/views/admin.php:6) in /var/www/src/public/admin/filemanager/filemanager.php on line 138
[24-Apr-2025 13:03:20 Europe/Minsk] Final URI: /admin
[24-Apr-2025 13:03:20 Europe/Minsk] Final URI: /admin
[24-Apr-2025 13:03:20 Europe/Minsk] Trying to auth with file: /var/www/src/Controller/../../config/.htpasswd
[24-Apr-2025 13:03:20 Europe/Minsk] User: admin
[24-Apr-2025 13:03:20 Europe/Minsk] Password length: 6
[24-Apr-2025 13:03:20 Europe/Minsk] Stored hash: $2y$05$3XEL40T.Zsc.G40SyrV4nuvfREISmd4rVAqhDMhYRlKIkt2lFXrMW
[24-Apr-2025 13:03:20 Europe/Minsk] Input password: 123321
[24-Apr-2025 13:03:20 Europe/Minsk] Allowed directories: Array
(
    [0] => /var/www/src/public/css
    [1] => /var/www/src/public/js
    [2] => /var/www/src/public/html
    [3] => /var/www/src/public/img
    [4] => /var/www/src/public/.
)

[24-Apr-2025 13:03:21 Europe/Minsk] Final URI: /admin
[24-Apr-2025 13:03:21 Europe/Minsk] Final URI: /admin
[24-Apr-2025 13:03:21 Europe/Minsk] Trying to auth with file: /var/www/src/Controller/../../config/.htpasswd
[24-Apr-2025 13:03:21 Europe/Minsk] User: admin
[24-Apr-2025 13:03:21 Europe/Minsk] Password length: 6
[24-Apr-2025 13:03:21 Europe/Minsk] Stored hash: $2y$05$3XEL40T.Zsc.G40SyrV4nuvfREISmd4rVAqhDMhYRlKIkt2lFXrMW
[24-Apr-2025 13:03:21 Europe/Minsk] Input password: 123321
[24-Apr-2025 13:03:21 Europe/Minsk] Allowed directories: Array
(
    [0] => /var/www/src/public/css
    [1] => /var/www/src/public/js
    [2] => /var/www/src/public/html
    [3] => /var/www/src/public/img
    [4] => /var/www/src/public/.
)

[24-Apr-2025 13:03:28 Europe/Minsk] Final URI: /admin
[24-Apr-2025 13:03:28 Europe/Minsk] Final URI: /admin
[24-Apr-2025 13:03:28 Europe/Minsk] Trying to auth with file: /var/www/src/Controller/../../config/.htpasswd
[24-Apr-2025 13:03:28 Europe/Minsk] User: admin
[24-Apr-2025 13:03:28 Europe/Minsk] Password length: 6
[24-Apr-2025 13:03:28 Europe/Minsk] Stored hash: $2y$05$3XEL40T.Zsc.G40SyrV4nuvfREISmd4rVAqhDMhYRlKIkt2lFXrMW
[24-Apr-2025 13:03:28 Europe/Minsk] Input password: 123321
[24-Apr-2025 13:03:28 Europe/Minsk] Allowed directories: Array
(
    [0] => /var/www/src/public/css
    [1] => /var/www/src/public/js
    [2] => /var/www/src/public/html
    [3] => /var/www/src/public/img
    [4] => /var/www/src/public/.
)

[24-Apr-2025 13:03:28 Europe/Minsk] PHP Warning:  Cannot modify header information - headers already sent by (output started at /var/www/src/public/views/admin.php:6) in /var/www/src/public/admin/filemanager/filemanager.php on line 138
[24-Apr-2025 13:03:31 Europe/Minsk] Final URI: /admin
[24-Apr-2025 13:03:31 Europe/Minsk] Final URI: /admin
[24-Apr-2025 13:03:31 Europe/Minsk] Trying to auth with file: /var/www/src/Controller/../../config/.htpasswd
[24-Apr-2025 13:03:31 Europe/Minsk] User: admin
[24-Apr-2025 13:03:31 Europe/Minsk] Password length: 6
[24-Apr-2025 13:03:31 Europe/Minsk] Stored hash: $2y$05$3XEL40T.Zsc.G40SyrV4nuvfREISmd4rVAqhDMhYRlKIkt2lFXrMW
[24-Apr-2025 13:03:31 Europe/Minsk] Input password: 123321
[24-Apr-2025 13:03:31 Europe/Minsk] Allowed directories: Array
(
    [0] => /var/www/src/public/css
    [1] => /var/www/src/public/js
    [2] => /var/www/src/public/html
    [3] => /var/www/src/public/img
    [4] => /var/www/src/public/.
)

[24-Apr-2025 13:03:43 Europe/Minsk] Final URI: /admin
[24-Apr-2025 13:03:43 Europe/Minsk] Final URI: /admin
[24-Apr-2025 13:03:43 Europe/Minsk] Trying to auth with file: /var/www/src/Controller/../../config/.htpasswd
[24-Apr-2025 13:03:43 Europe/Minsk] User: admin
[24-Apr-2025 13:03:43 Europe/Minsk] Password length: 6
[24-Apr-2025 13:03:43 Europe/Minsk] Stored hash: $2y$05$3XEL40T.Zsc.G40SyrV4nuvfREISmd4rVAqhDMhYRlKIkt2lFXrMW
[24-Apr-2025 13:03:43 Europe/Minsk] Input password: 123321
[24-Apr-2025 13:03:43 Europe/Minsk] Allowed directories: Array
(
    [0] => /var/www/src/public/css
    [1] => /var/www/src/public/js
    [2] => /var/www/src/public/html
    [3] => /var/www/src/public/img
    [4] => /var/www/src/public/.
)

[24-Apr-2025 13:03:43 Europe/Minsk] PHP Warning:  Cannot modify header information - headers already sent by (output started at /var/www/src/public/views/admin.php:6) in /var/www/src/public/admin/filemanager/filemanager.php on line 84
[27-Apr-2025 20:50:16 Europe/Minsk] PHP Warning:  include(/var/www/finalproject/vendor/composer/../../src/Controller/GameController.php): Failed to open stream: No such file or directory in /var/www/finalproject/vendor/composer/ClassLoader.php on line 576
[27-Apr-2025 20:50:16 Europe/Minsk] PHP Warning:  include(): Failed opening '/var/www/finalproject/vendor/composer/../../src/Controller/GameController.php' for inclusion (include_path='.:/usr/share/php') in /var/www/finalproject/vendor/composer/ClassLoader.php on line 576
[27-Apr-2025 20:50:16 Europe/Minsk] PHP Fatal error:  Uncaught Error: Class "MyGameSite\Controller\GameController" not found in /var/www/finalproject/src/Router/Router.php:38
Stack trace:
#0 /var/www/finalproject/index.php(9): MyGameSite\Router\Router->handleRequest()
#1 {main}
  thrown in /var/www/finalproject/src/Router/Router.php on line 38
[27-Apr-2025 23:18:09 Europe/Minsk] Template file not found: /var/www/finalproject/src/Router/../../template/errors/404.php
[27-Apr-2025 23:18:09 Europe/Minsk] Template file not found: /var/www/finalproject/src/Router/../../template/errors/404.php
[27-Apr-2025 23:23:27 Europe/Minsk] Template file not found: /var/www/finalproject/src/Router/../../template/errors/404.php
[27-Apr-2025 23:23:28 Europe/Minsk] Template file not found: /var/www/finalproject/src/Router/../../template/errors/404.php
[27-Apr-2025 23:44:50 Europe/Minsk] PHP Fatal error:  Uncaught RuntimeException: Template file not found: /var/www/finalproject/src/Router/../../template/errors/404.php in /var/www/finalproject/src/Services/TemplateEngine.php:23
Stack trace:
#0 /var/www/finalproject/src/Router/Router.php(41): MyGameSite\Services\TemplateEngine->render()
#1 /var/www/index.php(9): MyGameSite\Router\Router->handleRequest()
#2 {main}
  thrown in /var/www/finalproject/src/Services/TemplateEngine.php on line 23
[27-Apr-2025 23:44:50 Europe/Minsk] PHP Fatal error:  Uncaught RuntimeException: Template file not found: /var/www/finalproject/src/Router/../../template/errors/404.php in /var/www/finalproject/src/Services/TemplateEngine.php:23
Stack trace:
#0 /var/www/finalproject/src/Router/Router.php(41): MyGameSite\Services\TemplateEngine->render()
#1 /var/www/index.php(9): MyGameSite\Router\Router->handleRequest()
#2 {main}
  thrown in /var/www/finalproject/src/Services/TemplateEngine.php on line 23
[27-Apr-2025 23:45:07 Europe/Minsk] Trying to auth with file: /var/www/finalproject/src/Controller/../../config/.htpasswd
[27-Apr-2025 23:45:07 Europe/Minsk] User: adminuser
[27-Apr-2025 23:45:07 Europe/Minsk] Password length: 6
[27-Apr-2025 23:45:07 Europe/Minsk] PHP Warning:  file(/var/www/finalproject/src/Controller/../../config/.htpasswd): Failed to open stream: No such file or directory in /var/www/finalproject/src/Controller/AdminController.php on line 25
[27-Apr-2025 23:45:07 Europe/Minsk] PHP Warning:  foreach() argument must be of type array|object, false given in /var/www/finalproject/src/Controller/AdminController.php on line 27
[27-Apr-2025 23:45:07 Europe/Minsk] Authentication failed for user: adminuser
[27-Apr-2025 23:45:07 Europe/Minsk] PHP Warning:  Cannot modify header information - headers already sent by (output started at /var/www/finalproject/src/Controller/AdminController.php:25) in /var/www/finalproject/src/Controller/AdminController.php on line 44
[27-Apr-2025 23:45:39 Europe/Minsk] Trying to auth with file: /var/www/finalproject/src/Controller/../../../.htpasswd
[27-Apr-2025 23:45:39 Europe/Minsk] User: adminuser
[27-Apr-2025 23:45:39 Europe/Minsk] Password length: 6
[27-Apr-2025 23:45:39 Europe/Minsk] Stored hash: $apr1$QZyFynBw$L3PCVKZzHVqeqfrL4va830
[27-Apr-2025 23:45:39 Europe/Minsk] Input password: 123321
[27-Apr-2025 23:45:39 Europe/Minsk] Authentication failed for user: adminuser
[27-Apr-2025 23:45:44 Europe/Minsk] Trying to auth with file: /var/www/finalproject/src/Controller/../../../.htpasswd
[27-Apr-2025 23:45:44 Europe/Minsk] User: adminuser
[27-Apr-2025 23:45:44 Europe/Minsk] Password length: 6
[27-Apr-2025 23:45:44 Europe/Minsk] Stored hash: $apr1$QZyFynBw$L3PCVKZzHVqeqfrL4va830
[27-Apr-2025 23:45:44 Europe/Minsk] Input password: 123321
[27-Apr-2025 23:45:44 Europe/Minsk] Authentication failed for user: adminuser
[27-Apr-2025 23:46:08 Europe/Minsk] Trying to auth with file: /var/www/finalproject/src/Controller/../../../.htpasswd
[27-Apr-2025 23:46:08 Europe/Minsk] User: adminuser
[27-Apr-2025 23:46:08 Europe/Minsk] Password length: 6
[27-Apr-2025 23:46:08 Europe/Minsk] Stored hash: $apr1$QZyFynBw$L3PCVKZzHVqeqfrL4va830
[27-Apr-2025 23:46:08 Europe/Minsk] Input password: 123321
[27-Apr-2025 23:46:08 Europe/Minsk] Authentication failed for user: adminuser
[27-Apr-2025 23:46:08 Europe/Minsk] PHP Fatal error:  Uncaught RuntimeException: Template file not found: /var/www/finalproject/src/Router/../../template/errors/404.php in /var/www/finalproject/src/Services/TemplateEngine.php:23
Stack trace:
#0 /var/www/finalproject/src/Router/Router.php(41): MyGameSite\Services\TemplateEngine->render()
#1 /var/www/index.php(9): MyGameSite\Router\Router->handleRequest()
#2 {main}
  thrown in /var/www/finalproject/src/Services/TemplateEngine.php on line 23
[27-Apr-2025 23:47:06 Europe/Minsk] Trying to auth with file: /var/www/finalproject/src/Controller/../../../.htpasswd
[27-Apr-2025 23:47:06 Europe/Minsk] User: adminuser
[27-Apr-2025 23:47:06 Europe/Minsk] Password length: 6
[27-Apr-2025 23:47:06 Europe/Minsk] Stored hash: $apr1$QZyFynBw$L3PCVKZzHVqeqfrL4va830
[27-Apr-2025 23:47:06 Europe/Minsk] Input password: 123321
[27-Apr-2025 23:47:06 Europe/Minsk] Authentication failed for user: adminuser
[27-Apr-2025 23:47:09 Europe/Minsk] PHP Fatal error:  Uncaught RuntimeException: Template file not found: /var/www/finalproject/src/Router/../../template/errors/404.php in /var/www/finalproject/src/Services/TemplateEngine.php:23
Stack trace:
#0 /var/www/finalproject/src/Router/Router.php(41): MyGameSite\Services\TemplateEngine->render()
#1 /var/www/index.php(9): MyGameSite\Router\Router->handleRequest()
#2 {main}
  thrown in /var/www/finalproject/src/Services/TemplateEngine.php on line 23
[27-Apr-2025 23:47:09 Europe/Minsk] PHP Fatal error:  Uncaught RuntimeException: Template file not found: /var/www/finalproject/src/Router/../../template/errors/404.php in /var/www/finalproject/src/Services/TemplateEngine.php:23
Stack trace:
#0 /var/www/finalproject/src/Router/Router.php(41): MyGameSite\Services\TemplateEngine->render()
#1 /var/www/index.php(9): MyGameSite\Router\Router->handleRequest()
#2 {main}
  thrown in /var/www/finalproject/src/Services/TemplateEngine.php on line 23
[27-Apr-2025 23:47:14 Europe/Minsk] Trying to auth with file: /var/www/finalproject/src/Controller/../../../.htpasswd
[27-Apr-2025 23:47:14 Europe/Minsk] User: adminuser
[27-Apr-2025 23:47:14 Europe/Minsk] Password length: 6
[27-Apr-2025 23:47:14 Europe/Minsk] Stored hash: $apr1$QZyFynBw$L3PCVKZzHVqeqfrL4va830
[27-Apr-2025 23:47:14 Europe/Minsk] Input password: 123321
[27-Apr-2025 23:47:14 Europe/Minsk] Authentication failed for user: adminuser
[27-Apr-2025 23:47:25 Europe/Minsk] Trying to auth with file: /var/www/finalproject/src/Controller/../../../.htpasswd
[27-Apr-2025 23:47:25 Europe/Minsk] User: adminuser
[27-Apr-2025 23:47:25 Europe/Minsk] Password length: 6
[27-Apr-2025 23:47:25 Europe/Minsk] Stored hash: $apr1$QZyFynBw$L3PCVKZzHVqeqfrL4va830
[27-Apr-2025 23:47:25 Europe/Minsk] Input password: 123321
[27-Apr-2025 23:47:25 Europe/Minsk] Authentication failed for user: adminuser
[27-Apr-2025 23:48:26 Europe/Minsk] PHP Fatal error:  Uncaught RuntimeException: Template file not found: /var/www/finalproject/src/Router/../../template/errors/404.php in /var/www/finalproject/src/Services/TemplateEngine.php:23
Stack trace:
#0 /var/www/finalproject/src/Router/Router.php(41): MyGameSite\Services\TemplateEngine->render()
#1 /var/www/index.php(9): MyGameSite\Router\Router->handleRequest()
#2 {main}
  thrown in /var/www/finalproject/src/Services/TemplateEngine.php on line 23
[27-Apr-2025 23:48:26 Europe/Minsk] PHP Fatal error:  Uncaught RuntimeException: Template file not found: /var/www/finalproject/src/Router/../../template/errors/404.php in /var/www/finalproject/src/Services/TemplateEngine.php:23
Stack trace:
#0 /var/www/finalproject/src/Router/Router.php(41): MyGameSite\Services\TemplateEngine->render()
#1 /var/www/index.php(9): MyGameSite\Router\Router->handleRequest()
#2 {main}
  thrown in /var/www/finalproject/src/Services/TemplateEngine.php on line 23
[27-Apr-2025 23:48:32 Europe/Minsk] Trying to auth with file: /var/www/finalproject/src/Controller/../../../.htpasswd
[27-Apr-2025 23:48:32 Europe/Minsk] User: adminuser
[27-Apr-2025 23:48:32 Europe/Minsk] Password length: 6
[27-Apr-2025 23:48:32 Europe/Minsk] Stored hash: $apr1$Wm./y3Pf$L60uhLNYCPPVqbEeuP0XJ0
[27-Apr-2025 23:48:32 Europe/Minsk] Input password: 123321
[27-Apr-2025 23:48:32 Europe/Minsk] Authentication failed for user: adminuser
[27-Apr-2025 23:48:43 Europe/Minsk] Trying to auth with file: /var/www/finalproject/src/Controller/../../../.htpasswd
[27-Apr-2025 23:48:43 Europe/Minsk] User: admin
[27-Apr-2025 23:48:43 Europe/Minsk] Password length: 6
[27-Apr-2025 23:48:43 Europe/Minsk] Stored hash: $apr1$Wm./y3Pf$L60uhLNYCPPVqbEeuP0XJ0
[27-Apr-2025 23:48:43 Europe/Minsk] Input password: 123321
[27-Apr-2025 23:48:43 Europe/Minsk] Authentication failed for user: admin
[27-Apr-2025 23:48:43 Europe/Minsk] PHP Fatal error:  Uncaught RuntimeException: Template file not found: /var/www/finalproject/src/Router/../../template/errors/404.php in /var/www/finalproject/src/Services/TemplateEngine.php:23
Stack trace:
#0 /var/www/finalproject/src/Router/Router.php(41): MyGameSite\Services\TemplateEngine->render()
#1 /var/www/index.php(9): MyGameSite\Router\Router->handleRequest()
#2 {main}
  thrown in /var/www/finalproject/src/Services/TemplateEngine.php on line 23
[27-Apr-2025 23:53:00 Europe/Minsk] Auth attempt with file: /var/www/finalproject/src/Controller/../../../.htpasswd
[27-Apr-2025 23:53:00 Europe/Minsk] PHP Warning:  Uninitialized string offset 16 in /var/www/finalproject/src/Controller/AdminController.php on line 85
[27-Apr-2025 23:53:00 Europe/Minsk] Failed auth for: admin
[27-Apr-2025 23:53:00 Europe/Minsk] PHP Warning:  Cannot modify header information - headers already sent by (output started at /var/www/finalproject/src/Controller/AdminController.php:85) in /var/www/finalproject/src/Controller/AdminController.php on line 45
[28-Apr-2025 00:01:00 Europe/Minsk] Trying to auth with file: /var/www/finalproject/src/Controller/../../../.htpasswd
[28-Apr-2025 00:01:00 Europe/Minsk] User: admin
[28-Apr-2025 00:01:00 Europe/Minsk] Password length: 6
[28-Apr-2025 00:01:00 Europe/Minsk] Stored hash: $apr1$Wm./y3Pf$L60uhLNYCPPVqbEeuP0XJ0
[28-Apr-2025 00:01:00 Europe/Minsk] Input password: 123321
[28-Apr-2025 00:01:00 Europe/Minsk] Authentication failed for user: admin
[28-Apr-2025 00:01:00 Europe/Minsk] PHP Fatal error:  Uncaught RuntimeException: Template file not found: /var/www/finalproject/src/Router/../../template/errors/404.php in /var/www/finalproject/src/Services/TemplateEngine.php:23
Stack trace:
#0 /var/www/finalproject/src/Router/Router.php(41): MyGameSite\Services\TemplateEngine->render()
#1 /var/www/index.php(9): MyGameSite\Router\Router->handleRequest()
#2 {main}
  thrown in /var/www/finalproject/src/Services/TemplateEngine.php on line 23
[28-Apr-2025 00:01:15 Europe/Minsk] Trying to auth with file: /var/www/finalproject/src/Controller/../../../.htpasswd
[28-Apr-2025 00:01:15 Europe/Minsk] User: admin
[28-Apr-2025 00:01:15 Europe/Minsk] Password length: 6
[28-Apr-2025 00:01:15 Europe/Minsk] Stored hash: $apr1$Wm./y3Pf$L60uhLNYCPPVqbEeuP0XJ0
[28-Apr-2025 00:01:15 Europe/Minsk] Input password: 123321
[28-Apr-2025 00:01:15 Europe/Minsk] Authentication failed for user: admin
[28-Apr-2025 00:01:15 Europe/Minsk] PHP Fatal error:  Uncaught RuntimeException: Template file not found: /var/www/finalproject/src/Router/../../template/errors/404.php in /var/www/finalproject/src/Services/TemplateEngine.php:23
Stack trace:
#0 /var/www/finalproject/src/Router/Router.php(41): MyGameSite\Services\TemplateEngine->render()
#1 /var/www/index.php(9): MyGameSite\Router\Router->handleRequest()
#2 {main}
  thrown in /var/www/finalproject/src/Services/TemplateEngine.php on line 23
[28-Apr-2025 00:01:24 Europe/Minsk] Trying to auth with file: /var/www/finalproject/src/Controller/../../../.htpasswd
[28-Apr-2025 00:01:24 Europe/Minsk] User: admin
[28-Apr-2025 00:01:24 Europe/Minsk] Password length: 6
[28-Apr-2025 00:01:24 Europe/Minsk] Stored hash: $apr1$Wm./y3Pf$L60uhLNYCPPVqbEeuP0XJ0
[28-Apr-2025 00:01:24 Europe/Minsk] Input password: 123321
[28-Apr-2025 00:01:24 Europe/Minsk] Authentication failed for user: admin
[28-Apr-2025 00:01:28 Europe/Minsk] Trying to auth with file: /var/www/finalproject/src/Controller/../../../.htpasswd
[28-Apr-2025 00:01:28 Europe/Minsk] User: admin
[28-Apr-2025 00:01:28 Europe/Minsk] Password length: 6
[28-Apr-2025 00:01:28 Europe/Minsk] Stored hash: $apr1$Wm./y3Pf$L60uhLNYCPPVqbEeuP0XJ0
[28-Apr-2025 00:01:28 Europe/Minsk] Input password: 123321
[28-Apr-2025 00:01:28 Europe/Minsk] Authentication failed for user: admin
[28-Apr-2025 00:03:19 Europe/Minsk] PHP Fatal error:  Uncaught RuntimeException: Template file not found: /var/www/finalproject/src/Router/../../template/errors/404.php in /var/www/finalproject/src/Services/TemplateEngine.php:23
Stack trace:
#0 /var/www/finalproject/src/Router/Router.php(41): MyGameSite\Services\TemplateEngine->render()
#1 /var/www/index.php(9): MyGameSite\Router\Router->handleRequest()
#2 {main}
  thrown in /var/www/finalproject/src/Services/TemplateEngine.php on line 23
[28-Apr-2025 00:03:20 Europe/Minsk] PHP Fatal error:  Uncaught RuntimeException: Template file not found: /var/www/finalproject/src/Router/../../template/errors/404.php in /var/www/finalproject/src/Services/TemplateEngine.php:23
Stack trace:
#0 /var/www/finalproject/src/Router/Router.php(41): MyGameSite\Services\TemplateEngine->render()
#1 /var/www/index.php(9): MyGameSite\Router\Router->handleRequest()
#2 {main}
  thrown in /var/www/finalproject/src/Services/TemplateEngine.php on line 23
[28-Apr-2025 00:03:27 Europe/Minsk] Trying to auth with file: /var/www/finalproject/src/Controller/var/www/.htpasswd
[28-Apr-2025 00:03:27 Europe/Minsk] User: admin
[28-Apr-2025 00:03:27 Europe/Minsk] Password length: 6
[28-Apr-2025 00:03:27 Europe/Minsk] PHP Warning:  file(/var/www/finalproject/src/Controller/var/www/.htpasswd): Failed to open stream: No such file or directory in /var/www/finalproject/src/Controller/AdminController.php on line 25
[28-Apr-2025 00:03:27 Europe/Minsk] PHP Warning:  foreach() argument must be of type array|object, false given in /var/www/finalproject/src/Controller/AdminController.php on line 27
[28-Apr-2025 00:03:27 Europe/Minsk] Authentication failed for user: admin
[28-Apr-2025 00:03:27 Europe/Minsk] PHP Warning:  Cannot modify header information - headers already sent by (output started at /var/www/finalproject/src/Controller/AdminController.php:25) in /var/www/finalproject/src/Controller/AdminController.php on line 44
[28-Apr-2025 00:07:28 Europe/Minsk] PHP Fatal error:  Uncaught RuntimeException: Template file not found: /var/www/finalproject/src/Router/../../template/errors/404.php in /var/www/finalproject/src/Services/TemplateEngine.php:23
Stack trace:
#0 /var/www/finalproject/src/Router/Router.php(41): MyGameSite\Services\TemplateEngine->render()
#1 /var/www/index.php(9): MyGameSite\Router\Router->handleRequest()
#2 {main}
  thrown in /var/www/finalproject/src/Services/TemplateEngine.php on line 23
[28-Apr-2025 00:07:28 Europe/Minsk] PHP Fatal error:  Uncaught RuntimeException: Template file not found: /var/www/finalproject/src/Router/../../template/errors/404.php in /var/www/finalproject/src/Services/TemplateEngine.php:23
Stack trace:
#0 /var/www/finalproject/src/Router/Router.php(41): MyGameSite\Services\TemplateEngine->render()
#1 /var/www/index.php(9): MyGameSite\Router\Router->handleRequest()
#2 {main}
  thrown in /var/www/finalproject/src/Services/TemplateEngine.php on line 23
[28-Apr-2025 00:07:42 Europe/Minsk] Trying to auth with file: /var/www/finalproject/src/Controller/var/www/.htpasswd
[28-Apr-2025 00:07:42 Europe/Minsk] User: adminuser
[28-Apr-2025 00:07:42 Europe/Minsk] Password length: 6
[28-Apr-2025 00:07:42 Europe/Minsk] PHP Warning:  file(/var/www/finalproject/src/Controller/var/www/.htpasswd): Failed to open stream: No such file or directory in /var/www/finalproject/src/Controller/AdminController.php on line 25
[28-Apr-2025 00:07:42 Europe/Minsk] PHP Warning:  foreach() argument must be of type array|object, false given in /var/www/finalproject/src/Controller/AdminController.php on line 27
[28-Apr-2025 00:07:42 Europe/Minsk] Authentication failed for user: adminuser
[28-Apr-2025 00:07:42 Europe/Minsk] PHP Warning:  Cannot modify header information - headers already sent by (output started at /var/www/finalproject/src/Controller/AdminController.php:25) in /var/www/finalproject/src/Controller/AdminController.php on line 44
[28-Apr-2025 00:08:05 Europe/Minsk] Trying to auth with file: /var/www/finalproject/src/Controller/var/www/.htpasswd
[28-Apr-2025 00:08:05 Europe/Minsk] User: new_user
[28-Apr-2025 00:08:05 Europe/Minsk] Password length: 5
[28-Apr-2025 00:08:05 Europe/Minsk] PHP Warning:  file(/var/www/finalproject/src/Controller/var/www/.htpasswd): Failed to open stream: No such file or directory in /var/www/finalproject/src/Controller/AdminController.php on line 25
[28-Apr-2025 00:08:05 Europe/Minsk] PHP Warning:  foreach() argument must be of type array|object, false given in /var/www/finalproject/src/Controller/AdminController.php on line 27
[28-Apr-2025 00:08:05 Europe/Minsk] Authentication failed for user: new_user
[28-Apr-2025 00:08:05 Europe/Minsk] PHP Warning:  Cannot modify header information - headers already sent by (output started at /var/www/finalproject/src/Controller/AdminController.php:25) in /var/www/finalproject/src/Controller/AdminController.php on line 44
[28-Apr-2025 00:08:06 Europe/Minsk] PHP Fatal error:  Uncaught RuntimeException: Template file not found: /var/www/finalproject/src/Router/../../template/errors/404.php in /var/www/finalproject/src/Services/TemplateEngine.php:23
Stack trace:
#0 /var/www/finalproject/src/Router/Router.php(41): MyGameSite\Services\TemplateEngine->render()
#1 /var/www/index.php(9): MyGameSite\Router\Router->handleRequest()
#2 {main}
  thrown in /var/www/finalproject/src/Services/TemplateEngine.php on line 23
[28-Apr-2025 00:10:51 Europe/Minsk] Неверные учетные данные для пользователя: adminuser
[28-Apr-2025 00:10:58 Europe/Minsk] PHP Fatal error:  Uncaught Error: Class "FileManager\FileManager" not found in /var/www/finalproject/public/views/admin/dashboard.php:4
Stack trace:
#0 /var/www/finalproject/src/Controller/AdminController.php(52): require()
#1 /var/www/finalproject/src/Router/Router.php(38): MyGameSite\Controller\AdminController->index()
#2 /var/www/index.php(9): MyGameSite\Router\Router->handleRequest()
#3 {main}
  thrown in /var/www/finalproject/public/views/admin/dashboard.php on line 4
[28-Apr-2025 00:16:19 Europe/Minsk] PHP Fatal error:  Uncaught Error: Class "FileManager\FileManager" not found in /var/www/finalproject/src/Controller/AdminController.php:44
Stack trace:
#0 /var/www/finalproject/src/Router/Router.php(38): MyGameSite\Controller\AdminController->index()
#1 /var/www/index.php(9): MyGameSite\Router\Router->handleRequest()
#2 {main}
  thrown in /var/www/finalproject/src/Controller/AdminController.php on line 44
[28-Apr-2025 00:22:50 Europe/Minsk] Allowed directories: Array
(
    [0] => /var/www/finalproject/public/assets/css
    [1] => /var/www/finalproject/public/assets/js
    [2] => /var/www/finalproject/public/assets/html
    [3] => /var/www/finalproject/public/assets/images
    [4] => /var/www/finalproject/public/assets/.
)

[28-Apr-2025 00:22:50 Europe/Minsk] PHP Warning:  require(/var/www/finalproject/src/FileManager/view.php): Failed to open stream: No such file or directory in /var/www/finalproject/src/FileManager/FileManager.php on line 114
[28-Apr-2025 00:22:50 Europe/Minsk] PHP Fatal error:  Uncaught Error: Failed opening required '/var/www/finalproject/src/FileManager/view.php' (include_path='.:/usr/share/php') in /var/www/finalproject/src/FileManager/FileManager.php:114
Stack trace:
#0 /var/www/finalproject/src/FileManager/FileManager.php(56): FileManager\FileManager->displayDirectoryContents()
#1 /var/www/finalproject/src/FileManager/FileManager.php(32): FileManager\FileManager->handleGetRequest()
#2 /var/www/finalproject/src/Controller/AdminController.php(87): FileManager\FileManager->handleRequest()
#3 /var/www/finalproject/src/Controller/AdminController.php(19): MyGameSite\Controller\AdminController->captureManagerOutput()
#4 /var/www/finalproject/src/Router/Router.php(38): MyGameSite\Controller\AdminController->index()
#5 /var/www/index.php(9): MyGameSite\Router\Router->handleRequest()
#6 {main}
  thrown in /var/www/finalproject/src/FileManager/FileManager.php on line 114
[28-Apr-2025 00:25:10 Europe/Minsk] Allowed directories: Array
(
    [0] => /var/www/finalproject/public/assets/css
    [1] => /var/www/finalproject/public/assets/js
    [2] => /var/www/finalproject/public/assets/html
    [3] => /var/www/finalproject/public/assets/images
    [4] => /var/www/finalproject/public/assets/.
)

[28-Apr-2025 00:25:14 Europe/Minsk] Allowed directories: Array
(
    [0] => /var/www/finalproject/public/assets/css
    [1] => /var/www/finalproject/public/assets/js
    [2] => /var/www/finalproject/public/assets/html
    [3] => /var/www/finalproject/public/assets/images
    [4] => /var/www/finalproject/public/assets/.
)

[28-Apr-2025 00:25:16 Europe/Minsk] Allowed directories: Array
(
    [0] => /var/www/finalproject/public/assets/css
    [1] => /var/www/finalproject/public/assets/js
    [2] => /var/www/finalproject/public/assets/html
    [3] => /var/www/finalproject/public/assets/images
    [4] => /var/www/finalproject/public/assets/.
)

[28-Apr-2025 00:25:18 Europe/Minsk] Allowed directories: Array
(
    [0] => /var/www/finalproject/public/assets/css
    [1] => /var/www/finalproject/public/assets/js
    [2] => /var/www/finalproject/public/assets/html
    [3] => /var/www/finalproject/public/assets/images
    [4] => /var/www/finalproject/public/assets/.
)

[28-Apr-2025 00:25:19 Europe/Minsk] PHP Fatal error:  Uncaught RuntimeException: Template file not found: /var/www/finalproject/src/Router/../../template/errors/404.php in /var/www/finalproject/src/Services/TemplateEngine.php:23
Stack trace:
#0 /var/www/finalproject/src/Router/Router.php(41): MyGameSite\Services\TemplateEngine->render()
#1 /var/www/index.php(9): MyGameSite\Router\Router->handleRequest()
#2 {main}
  thrown in /var/www/finalproject/src/Services/TemplateEngine.php on line 23
[28-Apr-2025 00:25:59 Europe/Minsk] Allowed directories: Array
(
    [0] => /var/www/finalproject/public/assets/css
    [1] => /var/www/finalproject/public/assets/js
    [2] => /var/www/finalproject/public/assets/html
    [3] => /var/www/finalproject/public/assets/images
    [4] => /var/www/finalproject/public/assets/.
)

[28-Apr-2025 00:26:04 Europe/Minsk] Allowed directories: Array
(
    [0] => /var/www/finalproject/public/assets/css
    [1] => /var/www/finalproject/public/assets/js
    [2] => /var/www/finalproject/public/assets/html
    [3] => /var/www/finalproject/public/assets/images
    [4] => /var/www/finalproject/public/assets/.
)

[28-Apr-2025 00:26:05 Europe/Minsk] Allowed directories: Array
(
    [0] => /var/www/finalproject/public/assets/css
    [1] => /var/www/finalproject/public/assets/js
    [2] => /var/www/finalproject/public/assets/html
    [3] => /var/www/finalproject/public/assets/images
    [4] => /var/www/finalproject/public/assets/.
)

[28-Apr-2025 00:26:06 Europe/Minsk] Allowed directories: Array
(
    [0] => /var/www/finalproject/public/assets/css
    [1] => /var/www/finalproject/public/assets/js
    [2] => /var/www/finalproject/public/assets/html
    [3] => /var/www/finalproject/public/assets/images
    [4] => /var/www/finalproject/public/assets/.
)

[28-Apr-2025 00:26:08 Europe/Minsk] Allowed directories: Array
(
    [0] => /var/www/finalproject/public/assets/css
    [1] => /var/www/finalproject/public/assets/js
    [2] => /var/www/finalproject/public/assets/html
    [3] => /var/www/finalproject/public/assets/images
    [4] => /var/www/finalproject/public/assets/.
)

[28-Apr-2025 00:26:09 Europe/Minsk] PHP Fatal error:  Uncaught RuntimeException: Template file not found: /var/www/finalproject/src/Router/../../template/errors/404.php in /var/www/finalproject/src/Services/TemplateEngine.php:23
Stack trace:
#0 /var/www/finalproject/src/Router/Router.php(41): MyGameSite\Services\TemplateEngine->render()
#1 /var/www/index.php(9): MyGameSite\Router\Router->handleRequest()
#2 {main}
  thrown in /var/www/finalproject/src/Services/TemplateEngine.php on line 23
[28-Apr-2025 00:26:11 Europe/Minsk] Allowed directories: Array
(
    [0] => /var/www/finalproject/public/assets/css
    [1] => /var/www/finalproject/public/assets/js
    [2] => /var/www/finalproject/public/assets/html
    [3] => /var/www/finalproject/public/assets/images
    [4] => /var/www/finalproject/public/assets/.
)

[28-Apr-2025 00:26:14 Europe/Minsk] Allowed directories: Array
(
    [0] => /var/www/finalproject/public/assets/css
    [1] => /var/www/finalproject/public/assets/js
    [2] => /var/www/finalproject/public/assets/html
    [3] => /var/www/finalproject/public/assets/images
    [4] => /var/www/finalproject/public/assets/.
)

[28-Apr-2025 00:26:15 Europe/Minsk] Allowed directories: Array
(
    [0] => /var/www/finalproject/public/assets/css
    [1] => /var/www/finalproject/public/assets/js
    [2] => /var/www/finalproject/public/assets/html
    [3] => /var/www/finalproject/public/assets/images
    [4] => /var/www/finalproject/public/assets/.
)

[28-Apr-2025 00:26:15 Europe/Minsk] PHP Fatal error:  Uncaught RuntimeException: Template file not found: /var/www/finalproject/src/Router/../../template/errors/404.php in /var/www/finalproject/src/Services/TemplateEngine.php:23
Stack trace:
#0 /var/www/finalproject/src/Router/Router.php(41): MyGameSite\Services\TemplateEngine->render()
#1 /var/www/index.php(9): MyGameSite\Router\Router->handleRequest()
#2 {main}
  thrown in /var/www/finalproject/src/Services/TemplateEngine.php on line 23
[28-Apr-2025 00:26:17 Europe/Minsk] PHP Fatal error:  Uncaught RuntimeException: Template file not found: /var/www/finalproject/src/Router/../../template/errors/404.php in /var/www/finalproject/src/Services/TemplateEngine.php:23
Stack trace:
#0 /var/www/finalproject/src/Router/Router.php(41): MyGameSite\Services\TemplateEngine->render()
#1 /var/www/index.php(9): MyGameSite\Router\Router->handleRequest()
#2 {main}
  thrown in /var/www/finalproject/src/Services/TemplateEngine.php on line 23
[28-Apr-2025 00:26:20 Europe/Minsk] Allowed directories: Array
(
    [0] => /var/www/finalproject/public/assets/css
    [1] => /var/www/finalproject/public/assets/js
    [2] => /var/www/finalproject/public/assets/html
    [3] => /var/www/finalproject/public/assets/images
    [4] => /var/www/finalproject/public/assets/.
)

[28-Apr-2025 00:26:20 Europe/Minsk] Allowed directories: Array
(
    [0] => /var/www/finalproject/public/assets/css
    [1] => /var/www/finalproject/public/assets/js
    [2] => /var/www/finalproject/public/assets/html
    [3] => /var/www/finalproject/public/assets/images
    [4] => /var/www/finalproject/public/assets/.
)

[28-Apr-2025 00:26:25 Europe/Minsk] Allowed directories: Array
(
    [0] => /var/www/finalproject/public/assets/css
    [1] => /var/www/finalproject/public/assets/js
    [2] => /var/www/finalproject/public/assets/html
    [3] => /var/www/finalproject/public/assets/images
    [4] => /var/www/finalproject/public/assets/.
)

[28-Apr-2025 00:26:27 Europe/Minsk] Allowed directories: Array
(
    [0] => /var/www/finalproject/public/assets/css
    [1] => /var/www/finalproject/public/assets/js
    [2] => /var/www/finalproject/public/assets/html
    [3] => /var/www/finalproject/public/assets/images
    [4] => /var/www/finalproject/public/assets/.
)

[28-Apr-2025 00:26:29 Europe/Minsk] Allowed directories: Array
(
    [0] => /var/www/finalproject/public/assets/css
    [1] => /var/www/finalproject/public/assets/js
    [2] => /var/www/finalproject/public/assets/html
    [3] => /var/www/finalproject/public/assets/images
    [4] => /var/www/finalproject/public/assets/.
)

[28-Apr-2025 00:26:32 Europe/Minsk] Allowed directories: Array
(
    [0] => /var/www/finalproject/public/assets/css
    [1] => /var/www/finalproject/public/assets/js
    [2] => /var/www/finalproject/public/assets/html
    [3] => /var/www/finalproject/public/assets/images
    [4] => /var/www/finalproject/public/assets/.
)

[28-Apr-2025 00:26:32 Europe/Minsk] Allowed directories: Array
(
    [0] => /var/www/finalproject/public/assets/css
    [1] => /var/www/finalproject/public/assets/js
    [2] => /var/www/finalproject/public/assets/html
    [3] => /var/www/finalproject/public/assets/images
    [4] => /var/www/finalproject/public/assets/.
)

[28-Apr-2025 00:26:33 Europe/Minsk] Allowed directories: Array
(
    [0] => /var/www/finalproject/public/assets/css
    [1] => /var/www/finalproject/public/assets/js
    [2] => /var/www/finalproject/public/assets/html
    [3] => /var/www/finalproject/public/assets/images
    [4] => /var/www/finalproject/public/assets/.
)

[28-Apr-2025 00:26:35 Europe/Minsk] Allowed directories: Array
(
    [0] => /var/www/finalproject/public/assets/css
    [1] => /var/www/finalproject/public/assets/js
    [2] => /var/www/finalproject/public/assets/html
    [3] => /var/www/finalproject/public/assets/images
    [4] => /var/www/finalproject/public/assets/.
)

[28-Apr-2025 00:29:54 Europe/Minsk] PHP Fatal error:  Uncaught RuntimeException: Template file not found: /var/www/finalproject/src/Router/../../template/errors/404.php in /var/www/finalproject/src/Services/TemplateEngine.php:23
Stack trace:
#0 /var/www/finalproject/src/Router/Router.php(41): MyGameSite\Services\TemplateEngine->render()
#1 /var/www/index.php(9): MyGameSite\Router\Router->handleRequest()
#2 {main}
  thrown in /var/www/finalproject/src/Services/TemplateEngine.php on line 23
[28-Apr-2025 00:29:54 Europe/Minsk] PHP Fatal error:  Uncaught RuntimeException: Template file not found: /var/www/finalproject/src/Router/../../template/errors/404.php in /var/www/finalproject/src/Services/TemplateEngine.php:23
Stack trace:
#0 /var/www/finalproject/src/Router/Router.php(41): MyGameSite\Services\TemplateEngine->render()
#1 /var/www/index.php(9): MyGameSite\Router\Router->handleRequest()
#2 {main}
  thrown in /var/www/finalproject/src/Services/TemplateEngine.php on line 23
[28-Apr-2025 00:30:07 Europe/Minsk] Allowed directories: Array
(
    [0] => /var/www/finalproject/public/assets/css
    [1] => /var/www/finalproject/public/assets/js
    [2] => /var/www/finalproject/public/assets/html
    [3] => /var/www/finalproject/public/assets/images
    [4] => /var/www/finalproject/public/assets/.
)

[28-Apr-2025 00:30:07 Europe/Minsk] PHP Fatal error:  Uncaught RuntimeException: Template file not found: /var/www/finalproject/src/Router/../../template/errors/404.php in /var/www/finalproject/src/Services/TemplateEngine.php:23
Stack trace:
#0 /var/www/finalproject/src/Router/Router.php(41): MyGameSite\Services\TemplateEngine->render()
#1 /var/www/index.php(9): MyGameSite\Router\Router->handleRequest()
#2 {main}
  thrown in /var/www/finalproject/src/Services/TemplateEngine.php on line 23
[28-Apr-2025 00:30:51 Europe/Minsk] Allowed directories: Array
(
    [0] => /var/www/finalproject/public/assets/css
    [1] => /var/www/finalproject/public/assets/js
    [2] => /var/www/finalproject/public/assets/html
    [3] => /var/www/finalproject/public/assets/images
    [4] => /var/www/finalproject/public/assets/.
)

[28-Apr-2025 00:30:53 Europe/Minsk] PHP Fatal error:  Uncaught RuntimeException: Template file not found: /var/www/finalproject/src/Router/../../template/errors/404.php in /var/www/finalproject/src/Services/TemplateEngine.php:23
Stack trace:
#0 /var/www/finalproject/src/Router/Router.php(41): MyGameSite\Services\TemplateEngine->render()
#1 /var/www/index.php(9): MyGameSite\Router\Router->handleRequest()
#2 {main}
  thrown in /var/www/finalproject/src/Services/TemplateEngine.php on line 23
[28-Apr-2025 00:34:49 Europe/Minsk] PHP Fatal error:  Uncaught RuntimeException: Template file not found: /var/www/finalproject/src/Router/../../template/games.php in /var/www/finalproject/src/Services/TemplateEngine.php:23
Stack trace:
#0 /var/www/finalproject/src/Controller/GameController.php(24): MyGameSite\Services\TemplateEngine->render()
#1 /var/www/finalproject/src/Router/Router.php(38): MyGameSite\Controller\GameController->showGames()
#2 /var/www/index.php(9): MyGameSite\Router\Router->handleRequest()
#3 {main}
  thrown in /var/www/finalproject/src/Services/TemplateEngine.php on line 23
[28-Apr-2025 00:38:29 Europe/Minsk] PHP Fatal error:  Uncaught RuntimeException: Template file not found: /var/www/finalproject/src/Router/../../template/games.php in /var/www/finalproject/src/Services/TemplateEngine.php:30
Stack trace:
#0 /var/www/finalproject/src/Controller/GameController.php(24): MyGameSite\Services\TemplateEngine->render()
#1 /var/www/finalproject/src/Router/Router.php(38): MyGameSite\Controller\GameController->showGames()
#2 /var/www/index.php(9): MyGameSite\Router\Router->handleRequest()
#3 {main}
  thrown in /var/www/finalproject/src/Services/TemplateEngine.php on line 30
[28-Apr-2025 00:40:42 Europe/Minsk] PHP Warning:  include(/var/www/finalproject/src/Router/../../templateTemplateEngine.php/games.php): Failed to open stream: No such file or directory in /var/www/finalproject/src/Services/TemplateEngine.php on line 21
[28-Apr-2025 00:40:42 Europe/Minsk] PHP Warning:  include(): Failed opening '/var/www/finalproject/src/Router/../../templateTemplateEngine.php/games.php' for inclusion (include_path='.:/usr/share/php') in /var/www/finalproject/src/Services/TemplateEngine.php on line 21
[28-Apr-2025 00:40:42 Europe/Minsk] PHP Warning:  include(/var/www/finalproject/src/Router/../../templateTemplateEngine.php/layout.php): Failed to open stream: No such file or directory in /var/www/finalproject/src/Services/TemplateEngine.php on line 26
[28-Apr-2025 00:40:42 Europe/Minsk] PHP Warning:  include(): Failed opening '/var/www/finalproject/src/Router/../../templateTemplateEngine.php/layout.php' for inclusion (include_path='.:/usr/share/php') in /var/www/finalproject/src/Services/TemplateEngine.php on line 26
[28-Apr-2025 00:41:11 Europe/Minsk] PHP Fatal error:  Uncaught RuntimeException: Template file not found: /var/www/finalproject/src/Router/../../template/errors/404.php in /var/www/finalproject/src/Services/TemplateEngine.php:23
Stack trace:
#0 /var/www/finalproject/src/Router/Router.php(41): MyGameSite\Services\TemplateEngine->render()
#1 /var/www/index.php(9): MyGameSite\Router\Router->handleRequest()
#2 {main}
  thrown in /var/www/finalproject/src/Services/TemplateEngine.php on line 23
[28-Apr-2025 00:41:11 Europe/Minsk] PHP Fatal error:  Uncaught RuntimeException: Template file not found: /var/www/finalproject/src/Router/../../template/errors/404.php in /var/www/finalproject/src/Services/TemplateEngine.php:23
Stack trace:
#0 /var/www/finalproject/src/Router/Router.php(41): MyGameSite\Services\TemplateEngine->render()
#1 /var/www/index.php(9): MyGameSite\Router\Router->handleRequest()
#2 {main}
  thrown in /var/www/finalproject/src/Services/TemplateEngine.php on line 23
[28-Apr-2025 00:42:50 Europe/Minsk] PHP Fatal error:  Uncaught RuntimeException: Template file not found: /var/www/finalproject/src/Router/../../template/errors/404.php in /var/www/finalproject/src/Services/TemplateEngine.php:23
Stack trace:
#0 /var/www/finalproject/src/Router/Router.php(41): MyGameSite\Services\TemplateEngine->render()
#1 /var/www/index.php(9): MyGameSite\Router\Router->handleRequest()
#2 {main}
  thrown in /var/www/finalproject/src/Services/TemplateEngine.php on line 23
[28-Apr-2025 00:42:50 Europe/Minsk] PHP Fatal error:  Uncaught RuntimeException: Template file not found: /var/www/finalproject/src/Router/../../template/errors/404.php in /var/www/finalproject/src/Services/TemplateEngine.php:23
Stack trace:
#0 /var/www/finalproject/src/Router/Router.php(41): MyGameSite\Services\TemplateEngine->render()
#1 /var/www/index.php(9): MyGameSite\Router\Router->handleRequest()
#2 {main}
  thrown in /var/www/finalproject/src/Services/TemplateEngine.php on line 23
[28-Apr-2025 00:43:10 Europe/Minsk] Allowed directories: Array
(
    [0] => /var/www/finalproject/public/assets/css
    [1] => /var/www/finalproject/public/assets/js
    [2] => /var/www/finalproject/public/assets/html
    [3] => /var/www/finalproject/public/assets/images
    [4] => /var/www/finalproject/public/assets/.
)

[28-Apr-2025 00:43:11 Europe/Minsk] PHP Fatal error:  Uncaught RuntimeException: Template file not found: /var/www/finalproject/src/Router/../../template/errors/404.php in /var/www/finalproject/src/Services/TemplateEngine.php:23
Stack trace:
#0 /var/www/finalproject/src/Router/Router.php(41): MyGameSite\Services\TemplateEngine->render()
#1 /var/www/index.php(9): MyGameSite\Router\Router->handleRequest()
#2 {main}
  thrown in /var/www/finalproject/src/Services/TemplateEngine.php on line 23
[28-Apr-2025 00:43:16 Europe/Minsk] Allowed directories: Array
(
    [0] => /var/www/finalproject/public/assets/css
    [1] => /var/www/finalproject/public/assets/js
    [2] => /var/www/finalproject/public/assets/html
    [3] => /var/www/finalproject/public/assets/images
    [4] => /var/www/finalproject/public/assets/.
)

[28-Apr-2025 00:43:26 Europe/Minsk] Allowed directories: Array
(
    [0] => /var/www/finalproject/public/assets/css
    [1] => /var/www/finalproject/public/assets/js
    [2] => /var/www/finalproject/public/assets/html
    [3] => /var/www/finalproject/public/assets/images
    [4] => /var/www/finalproject/public/assets/.
)

[28-Apr-2025 00:43:26 Europe/Minsk] Allowed directories: Array
(
    [0] => /var/www/finalproject/public/assets/css
    [1] => /var/www/finalproject/public/assets/js
    [2] => /var/www/finalproject/public/assets/html
    [3] => /var/www/finalproject/public/assets/images
    [4] => /var/www/finalproject/public/assets/.
)

[28-Apr-2025 00:43:41 Europe/Minsk] PHP Fatal error:  Uncaught RuntimeException: Template file not found: /var/www/finalproject/src/Router/../../template/errors/404.php in /var/www/finalproject/src/Services/TemplateEngine.php:23
Stack trace:
#0 /var/www/finalproject/src/Router/Router.php(41): MyGameSite\Services\TemplateEngine->render()
#1 /var/www/index.php(9): MyGameSite\Router\Router->handleRequest()
#2 {main}
  thrown in /var/www/finalproject/src/Services/TemplateEngine.php on line 23
[28-Apr-2025 00:43:48 Europe/Minsk] Allowed directories: Array
(
    [0] => /var/www/finalproject/public/assets/css
    [1] => /var/www/finalproject/public/assets/js
    [2] => /var/www/finalproject/public/assets/html
    [3] => /var/www/finalproject/public/assets/images
    [4] => /var/www/finalproject/public/assets/.
)

[28-Apr-2025 00:43:48 Europe/Minsk] Allowed directories: Array
(
    [0] => /var/www/finalproject/public/assets/css
    [1] => /var/www/finalproject/public/assets/js
    [2] => /var/www/finalproject/public/assets/html
    [3] => /var/www/finalproject/public/assets/images
    [4] => /var/www/finalproject/public/assets/.
)

